order_id,order_date,ship_date,ship_mode,customer_name,segment,state,country,market,region,product_id,category,sub_category,product_name,sales,quantity,discount,profit,shipping_cost,order_priority,year
ID-2014-23075,1/10/2014,8/10/2014,Standard Class,Nicole Hansen,Corporate,Jawa Barat,Indonesia,APAC,Southeast Asia,OFF-BI-10001400,Office Supplies,Binders,"Cardinal 3-Hole Punch, Economy",96,4,0.17,-2.304,8.34,Medium,2014
MX-2014-113236,1/9/2014,7/9/2014,Standard Class,Emily Ducich,Home Office,São Paulo,Brazil,LATAM,South,OFF-AP-10001548,Office Supplies,Appliances,"Hoover Toaster, Silver",113,2,0.0,51.72,1.42,Medium,2014
ES-2014-3909772,14-01-2014,19-01-2014,Second Class,Jennifer Braxton,Corporate,Apulia,Italy,EU,South,OFF-BI-10002799,Office Supplies,Binders,"Cardinal Binder Covers, Clear",34,3,0.0,8.91,4.75,Medium,2014
IT-2011-2536577,26-01-2011,29-01-2011,Second Class,Alan Shonely,Consumer,Languedoc-Roussillon,France,EU,Central,FUR-FU-10002557,Furniture,Furnishings,"Rubbermaid Stacking Tray, Erganomic",177,8,0.0,0.0,0.61,Medium,2011
ES-2014-2949307,1/9/2014,3/9/2014,Second Class,Andy Reiter,Consumer,Ile-de-France,France,EU,Central,OFF-ST-10004577,Office Supplies,Storage,"Tenex Shelving, Wire Frame",48,1,0.1,1.047,8.95,Critical,2014
IN-2014-14458,24-01-2014,31-01-2014,Standard Class,Guy Thornton,Consumer,Odisha,India,APAC,Central Asia,OFF-LA-10002123,Office Supplies,Labels,"Smead Legal Exhibit Labels, Alphabetical",55,5,0.0,18.45,8.98,Low,2014
IN-2014-46777,25-01-2014,29-01-2014,Standard Class,Katherine Ducich,Consumer,Gujarat,India,APAC,Central Asia,OFF-LA-10000624,Office Supplies,Labels,"Hon File Folder Labels, 5000 Label Set",9,1,0.0,3.33,0.79,Medium,2014
TU-2014-6410,17-01-2014,20-01-2014,First Class,Chuck Magee,Consumer,Istanbul,Turkey,EMEA,EMEA,OFF-STA-10002719,Office Supplies,Art,"Stanley Pencil Sharpener, Easy-Erase",10,1,0.6,-6.774,2.49,Medium,2014
IN-2013-50536,16-01-2013,20-01-2013,Standard Class,John Huston,Consumer,Khyber Pakhtunkhwa,Pakistan,APAC,Central Asia,OFF-FA-10004067,Office Supplies,Fasteners,"Stockwell Rubber Bands, 12 Pack",23,3,0.5,-6.615,1.06,High,2013
US-2013-115756,1/11/2013,5/11/2013,Standard Class,Julie Kriz,Home Office,Atlántida,Honduras,LATAM,Central,OFF-PA-10000915,Office Supplies,Paper,"Eaton Note Cards, 8.5 x 11",42,4,0.4,-19.136,5.32,High,2013
IZ-2013-3780,31-01-2013,2/2/2013,Second Class,Craig Molinari,Corporate,Al Qadisiyah,Iraq,EMEA,EMEA,OFF-BOS-10000577,Office Supplies,Art,"Boston Highlighters, Blue",75,4,0.0,18.84,10.95,High,2013
SU-2013-4080,1/6/2013,3/6/2013,First Class,Joy Daniels,Consumer,Gezira,Sudan,Africa,Africa,OFF-AVE-10004556,Office Supplies,Binders,"Avery Hole Reinforcements, Recycled",29,6,0.0,12.24,6.24,Medium,2013
IN-2011-31496,26-01-2011,28-01-2011,Second Class,Nathan Mautz,Home Office,Telangana,India,APAC,Central Asia,OFF-PA-10000070,Office Supplies,Paper,"Eaton Computer Printout Paper, Recycled",79,3,0.0,25.38,13.82,High,2011
IT-2013-1399443,18-01-2013,25-01-2013,Standard Class,Harry Marie,Corporate,England,United Kingdom,EU,North,OFF-ST-10002263,Office Supplies,Storage,"Rogers Trays, Wire Frame",152,5,0.5,-3.075,10.02,Medium,2013
CA-2014-112725,31-01-2014,7/2/2014,Standard Class,Eugene Hildebrand,Home Office,California,United States,US,West,FUR-CH-10000863,Furniture,Chairs,Novimex Swivel Fabric Task Chair,121,1,0.2,-13.5882,14.17,Low,2014
NI-2012-7400,17-01-2012,23-01-2012,Standard Class,Greg Tran,Consumer,Kano,Nigeria,Africa,Africa,TEC-CIS-10003103,Technology,Phones,"Cisco Office Telephone, VoIP",24,1,0.7,-23.385,1.78,Medium,2012
IN-2014-13296,17-01-2014,22-01-2014,Standard Class,Dennis Kane,Consumer,Hainan,China,APAC,North Asia,OFF-LA-10002020,Office Supplies,Labels,"Novimex Color Coded Labels, 5000 Label Set",77,6,0.0,17.64,6.06,Medium,2014
CA-2011-126907,1/11/2011,8/11/2011,Standard Class,Suzanne McNair,Corporate,Illinois,United States,US,Central,OFF-PA-10000533,Office Supplies,Paper,Southworth Parchment Paper & Envelopes,16,3,0.2,5.1012,1.82,Low,2011
LY-2014-4680,20-01-2014,24-01-2014,Standard Class,Sample Company A,Home Office,Misratah,Libya,Africa,Africa,TEC-CIS-10003439,Technology,Phones,"Cisco Headset, VoIP",354,4,0.0,14.16,62.9,High,2014
IN-2014-32014,1/7/2014,5/7/2014,Standard Class,Craig Yedwab,Corporate,Jiangxi,China,APAC,North Asia,OFF-BI-10000439,Office Supplies,Binders,"Acco Hole Reinforcements, Economy",13,2,0.0,4.92,1.91,High,2014
MG-2011-9660,21-01-2011,27-01-2011,Standard Class,Sally Hughsby,Corporate,Ulaanbaatar,Mongolia,EMEA,EMEA,OFF-FEL-10002867,Office Supplies,Storage,"Fellowes Lockers, Single Width","1,244",6,0.0,211.5,88.66,Medium,2011
ES-2014-2538935,16-01-2014,20-01-2014,Standard Class,Tanja Norvell,Home Office,England,United Kingdom,EU,North,OFF-AR-10001759,Office Supplies,Art,"Sanford Sketch Pad, Fluorescent",93,2,0.0,43.92,6.37,Medium,2014
IN-2012-23089,1/10/2012,8/10/2012,Standard Class,Xylona Preis,Consumer,Guangdong,China,APAC,North Asia,OFF-LA-10000707,Office Supplies,Labels,"Avery Removable Labels, Adjustable",9,1,0.0,0.24,0.4,Medium,2012
CA-2011-157147,14-01-2011,19-01-2011,Standard Class,Brian Dahlen,Consumer,California,United States,US,West,OFF-ST-10000078,Office Supplies,Storage,Tennsco 6- and 18-Compartment Lockers,"1,326",5,0.0,238.653,187.65,High,2011
IN-2014-27303,30-01-2014,3/2/2014,Standard Class,Ruben Ausman,Corporate,Beijing,China,APAC,North Asia,TEC-MA-10004424,Technology,Machines,"Panasonic Phone, Durable",170,2,0.0,27.18,15.06,High,2014
NI-2013-6670,25-01-2013,30-01-2013,Standard Class,Aaron Hawkins,Corporate,Rivers,Nigeria,Africa,Africa,OFF-SME-10003134,Office Supplies,Storage,"Smead Box, Single Width",3,1,0.7,-4.77,0.23,Medium,2013
ES-2014-5167464,17-01-2014,21-01-2014,Standard Class,Alan Haines,Corporate,North Rhine-Westphalia,Germany,EU,Central,OFF-LA-10004727,Office Supplies,Labels,"Hon File Folder Labels, Laser Printer Compatible",17,2,0.0,2.04,2.17,High,2014
IN-2011-81833,31-01-2011,6/2/2011,Standard Class,Troy Staebel,Consumer,Wellington,New Zealand,APAC,Oceania,TEC-PH-10004575,Technology,Phones,"Motorola Smart Phone, Cordless","2,571",4,0.0,102.84,129.0,Medium,2011
CA-2014-3540,1/12/2014,5/12/2014,Standard Class,Trudy Glocke,Consumer,Ontario,Canada,Canada,Canada,TEC-CIS-10003017,Technology,Phones,"Cisco Signal Booster, with Caller ID",304,2,0.0,75.9,14.33,Medium,2014
IT-2013-2494403,29-01-2013,31-01-2013,Second Class,Jason Fortune-,Consumer,Madrid,Spain,EU,South,OFF-AR-10000785,Office Supplies,Art,"BIC Sketch Pad, Water Color",104,2,0.0,15.54,16.8,High,2013
IN-2012-40029,27-01-2012,2/2/2012,Standard Class,Muhammed Yedwab,Corporate,Sichuan,China,APAC,North Asia,OFF-ST-10001752,Office Supplies,Storage,"Tenex Shelving, Wire Frame",161,3,0.0,27.36,13.42,Medium,2012
US-2013-116771,1/5/2013,1/5/2013,Same Day,Rick Hansen,Consumer,La Vega,Dominican Republic,LATAM,Caribbean,OFF-AR-10000904,Office Supplies,Art,"Sanford Sketch Pad, Blue",146,6,0.2,-27.384,41.42,Critical,2013
IN-2013-52734,1/10/2013,5/10/2013,Standard Class,Jim Mitchum,Corporate,Tokyo,Japan,APAC,North Asia,OFF-ST-10003017,Office Supplies,Storage,"Tenex Box, Industrial",68,4,0.0,10.08,2.9,Medium,2013
NI-2014-8880,29-01-2014,29-01-2014,Same Day,Tamara Chand,Corporate,Abia,Nigeria,Africa,Africa,OFF-BOS-10002073,Office Supplies,Art,"Boston Canvas, Water Color",17,1,0.7,-31.254,1.12,High,2014
NI-2011-4760,1/8/2011,3/8/2011,Second Class,Darrin Van Huff,Corporate,Lagos,Nigeria,Africa,Africa,OFF-HOO-10002715,Office Supplies,Appliances,"Hoover Coffee Grinder, White",40,2,0.7,-89.742,11.29,Critical,2011
CA-2011-117345,1/8/2011,5/8/2011,Standard Class,Barbara Fisher,Corporate,North Carolina,United States,US,South,OFF-LA-10000240,Office Supplies,Labels,Self-Adhesive Address Labels for Typewriters by Universal,18,3,0.2,5.9211,0.93,Medium,2011
IT-2014-3798415,1/10/2014,6/10/2014,Standard Class,Sheri Gordon,Consumer,Lisboa,Portugal,EU,South,TEC-PH-10004772,Technology,Phones,"Motorola Signal Booster, VoIP",143,2,0.5,-128.94,10.56,Medium,2014
IR-2011-3890,26-01-2011,28-01-2011,First Class,Bradley Talbott,Home Office,Markazi,Iran,EMEA,EMEA,TEC-ENE-10004627,Technology,Accessories,"Enermax Router, Erganomic",256,1,0.0,102.45,19.7,High,2011
IT-2013-4258921,15-01-2013,17-01-2013,First Class,Paul Stevenson,Home Office,Campania,Italy,EU,South,FUR-CH-10002152,Furniture,Chairs,"Hon Bag Chairs, Set of Two",95,5,0.6,-113.85,5.25,Medium,2013
MX-2011-165526,22-01-2011,26-01-2011,Standard Class,Michael Paige,Corporate,Atlántico,Colombia,LATAM,South,TEC-AC-10003047,Technology,Accessories,"SanDisk Keyboard, USB",109,2,0.0,27.2,9.0,Medium,2011
ES-2014-5706764,31-01-2014,4/2/2014,Standard Class,Tracy Collins,Home Office,Sicily,Italy,EU,South,OFF-BI-10003999,Office Supplies,Binders,"Avery Hole Reinforcements, Clear",23,6,0.0,2.16,0.71,Medium,2014
CA-2014-161102,1/8/2014,4/8/2014,First Class,Erin Creighton,Consumer,California,United States,US,West,OFF-ST-10003442,Office Supplies,Storage,Eldon Portable Mobile Manager,57,2,0.0,15.2712,6.74,High,2014
PL-2013-2260,20-01-2013,24-01-2013,Second Class,Steve Carroll,Home Office,Silesia,Poland,EMEA,EMEA,FUR-ADV-10004395,Furniture,Furnishings,"Advantus Door Stop, Durable",42,1,0.0,21.03,3.34,Medium,2013
ES-2011-3104322,25-01-2011,29-01-2011,Standard Class,Frank Olsen,Consumer,Poitou-Charentes,France,EU,Central,OFF-AR-10002640,Office Supplies,Art,"Boston Pens, Blue",71,5,0.0,1.35,6.64,Medium,2011
US-2011-157021,1/4/2011,6/4/2011,Second Class,Kunst Miller,Consumer,California,United States,US,West,OFF-BI-10000042,Office Supplies,Binders,"Pressboard Data Binder, Crimson, 12"" X 8 1/2""",17,4,0.2,5.5536,0.65,Medium,2011
CA-2014-161893,24-01-2014,28-01-2014,Standard Class,Harold Pawlan,Home Office,Arizona,United States,US,West,OFF-BI-10004506,Office Supplies,Binders,Wilson Jones data.warehouse D-Ring Binders with DublLock,5,2,0.7,-3.6212,0.76,High,2014
ID-2011-86950,22-01-2011,23-01-2011,First Class,Sung Shariari,Consumer,Queensland,Australia,APAC,Oceania,OFF-AR-10000751,Office Supplies,Art,"Binney & Smith Highlighters, Blue",60,6,0.4,-33.876,27.43,Critical,2011
BU-2012-7980,23-01-2012,25-01-2012,Second Class,Roger Demir,Consumer,Sofiya-Grad,Bulgaria,EMEA,EMEA,TEC-SAM-10000779,Technology,Phones,"Samsung Signal Booster, Cordless",279,2,0.0,114.3,38.86,High,2012
IT-2012-5303768,23-01-2012,27-01-2012,Standard Class,Scot Coram,Corporate,Andalusía,Spain,EU,South,FUR-TA-10000323,Furniture,Tables,"Lesro Round Table, Fully Assembled","1,451",8,0.6,-362.784,138.34,Medium,2012
IN-2013-40218,29-01-2013,2/2/2013,Standard Class,Tracy Collins,Home Office,Shanxi,China,APAC,North Asia,OFF-PA-10000116,Office Supplies,Paper,"Xerox Parchment Paper, Premium",27,2,0.0,5.52,3.97,High,2013
ID-2014-23201,31-01-2014,5/2/2014,Standard Class,Susan Gilcrest,Corporate,New South Wales,Australia,APAC,Oceania,FUR-BO-10001934,Furniture,Bookcases,"Bush Library with Doors, Metal",655,2,0.1,-14.556,30.47,Medium,2014
CA-2011-113880,1/3/2011,5/3/2011,Standard Class,Vicky Freymann,Home Office,Illinois,United States,US,Central,FUR-CH-10000863,Furniture,Chairs,Novimex Swivel Fabric Task Chair,634,6,0.3,-172.1172,70.05,High,2011
MX-2013-151022,1/8/2013,4/8/2013,First Class,Roland Schwarz,Corporate,Pernambuco,Brazil,LATAM,South,TEC-CO-10000887,Technology,Copiers,"Hewlett Copy Machine, High-Speed",351,2,0.002,20.37688,43.03,High,2013
IT-2013-5130549,17-01-2013,23-01-2013,Standard Class,Greg Matthias,Consumer,Midi-Pyrénées,France,EU,Central,OFF-ST-10001413,Office Supplies,Storage,"Rogers Folders, Blue",37,3,0.6,-53.442,2.41,Medium,2013
ES-2014-2172414,1/5/2014,8/5/2014,Standard Class,Darren Koutras,Consumer,Lower Saxony,Germany,EU,Central,FUR-CH-10002610,Furniture,Chairs,"Novimex Swivel Stool, Black",292,2,0.1,-22.686,35.34,Low,2014
CA-2012-137946,1/9/2012,4/9/2012,Second Class,Doug Bickford,Consumer,California,United States,US,West,OFF-BI-10004140,Office Supplies,Binders,Avery Non-Stick Binders,14,4,0.2,4.49,3.78,Critical,2012
ES-2013-2898079,29-01-2013,3/2/2013,Standard Class,Joel Jenkins,Home Office,England,United Kingdom,EU,North,OFF-BI-10003114,Office Supplies,Binders,"Ibico Hole Reinforcements, Economy",21,3,0.0,10.26,0.94,Medium,2013
CA-2014-139304,30-01-2014,3/2/2014,Standard Class,Vivek Gonzalez,Consumer,California,United States,US,West,OFF-SU-10001664,Office Supplies,Supplies,Acme Office Executive Series Stainless Steel Trimmers,9,1,0.0,2.2282,0.19,High,2014
ID-2013-75869,30-01-2013,5/2/2013,Standard Class,Sue Ann Reed,Consumer,Victoria,Australia,APAC,Oceania,OFF-PA-10002479,Office Supplies,Paper,"Enermax Cards & Envelopes, 8.5 x 11",138,3,0.1,58.338,6.82,Medium,2013
TU-2011-5460,26-01-2011,31-01-2011,Standard Class,Jay Fein,Consumer,Izmir,Turkey,EMEA,EMEA,OFF-XER-10001746,Office Supplies,Paper,"Xerox Message Books, Premium",16,2,0.6,-5.724,1.28,Medium,2011
IN-2014-51635,22-01-2014,22-01-2014,Same Day,Jim Karlsson,Consumer,Jakarta,Indonesia,APAC,Southeast Asia,TEC-CO-10001674,Technology,Copiers,"Sharp Personal Copier, Color",113,1,0.07,37.6392,25.04,High,2014
MX-2011-115140,1/12/2011,5/12/2011,Standard Class,Kelly Andreada,Consumer,Managua,Nicaragua,LATAM,Central,OFF-PA-10002363,Office Supplies,Paper,"Eaton Message Books, Recycled",27,2,0.0,8.44,1.97,Medium,2011
CA-2013-124100,1/4/2013,7/4/2013,Standard Class,Erica Hackney,Consumer,New York,United States,US,East,FUR-CH-10003817,Furniture,Chairs,"Global Value Steno Chair, Gray",328,6,0.1,54.666,19.49,Medium,2013
MX-2014-161354,1/11/2014,6/11/2014,Standard Class,Alan Barnes,Consumer,Mayabeque,Cuba,LATAM,Caribbean,OFF-AP-10003135,Office Supplies,Appliances,"KitchenAid Toaster, White",278,5,0.0,116.8,28.1,Medium,2014
US-2011-154767,1/10/2011,5/10/2011,Standard Class,Edward Becker,Corporate,Distrito Capital,Venezuela,LATAM,South,OFF-EN-10003898,Office Supplies,Envelopes,"Ames Peel and Seal, Set of 50",52,7,0.4,-34.048,3.74,Medium,2011
MX-2014-156566,21-01-2014,25-01-2014,Standard Class,Gene McClure,Consumer,Panama,Panama,LATAM,Central,TEC-CO-10000388,Technology,Copiers,"Canon Fax Machine, Color",383,3,0.402,-257.14332,9.84,Medium,2014
IN-2012-43165,24-01-2012,30-01-2012,Standard Class,Magdelene Morse,Consumer,Puducherry,India,APAC,Central Asia,OFF-AR-10001329,Office Supplies,Art,"BIC Pens, Fluorescent",31,2,0.0,9.0,1.83,Medium,2012
ID-2013-53833,1/11/2013,5/11/2013,Standard Class,Joe Elijah,Consumer,Queensland,Australia,APAC,Oceania,TEC-PH-10003556,Technology,Phones,"Samsung Speaker Phone, VoIP",888,8,0.1,246.456,94.65,Medium,2013
IV-2014-6290,1/6/2014,3/6/2014,Second Class,Parhena Norris,Home Office,Vallee Du Bandama,Cote d'Ivoire,Africa,Africa,OFF-FEL-10004665,Office Supplies,Storage,"Fellowes Lockers, Blue",415,2,0.0,107.76,105.5,High,2014
MO-2013-860,16-01-2013,22-01-2013,Standard Class,Brad Norvell,Corporate,Rabat-Salé-Zemmour-Zaer,Morocco,Africa,Africa,FUR-HON-10001343,Furniture,Tables,"Hon Coffee Table, Fully Assembled",635,2,0.0,215.76,64.35,Medium,2013
ES-2014-2067525,28-01-2014,4/2/2014,Standard Class,Ivan Gibson,Consumer,Rhône-Alpes,France,EU,Central,OFF-EN-10000353,Office Supplies,Envelopes,"Jiffy Mailers, with clear poly window",122,3,0.0,61.02,1.09,Low,2014
IN-2013-73412,25-01-2013,30-01-2013,Standard Class,Alice McCarthy,Corporate,Bihar,India,APAC,Central Asia,TEC-CO-10001419,Technology,Copiers,"Hewlett Copy Machine, Color","1,591",6,0.0,47.7,132.39,Medium,2013
ES-2013-5080538,1/11/2013,6/11/2013,Second Class,Michelle Ellison,Corporate,Hesse,Germany,EU,Central,OFF-SU-10001578,Office Supplies,Supplies,"Stiletto Shears, High Speed",48,1,0.0,4.32,3.3,Medium,2013
ES-2013-4405513,1/3/2013,7/3/2013,Standard Class,Julia Dunbar,Consumer,Midi-Pyrénées,France,EU,Central,OFF-BI-10000440,Office Supplies,Binders,"Acco Index Tab, Economy",121,12,0.0,55.44,14.91,Low,2013
IN-2012-51173,13-01-2012,18-01-2012,Standard Class,Theresa Coyne,Corporate,Victoria,Australia,APAC,Oceania,TEC-MA-10003351,Technology,Machines,"Okidata Card Printer, White","1,411",9,0.1,486.054,213.5,High,2012
ES-2013-5306452,27-01-2013,3/2/2013,Standard Class,Mitch Webber,Consumer,Veneto,Italy,EU,South,OFF-EN-10004296,Office Supplies,Envelopes,"GlobeWeis Mailers, Security-Tint",164,4,0.0,63.84,11.77,Medium,2013
BN-2011-1530,29-01-2011,4/2/2011,Standard Class,Nona Balk,Corporate,Littoral,Benin,Africa,Africa,OFF-FIS-10004915,Office Supplies,Supplies,"Fiskars Trimmer, Easy Grip",44,1,0.0,16.23,3.35,Medium,2011
ID-2014-82463,29-01-2014,2/2/2014,Second Class,Pete Kriz,Consumer,Otago,New Zealand,APAC,Oceania,TEC-CO-10004756,Technology,Copiers,"Sharp Wireless Fax, Digital",853,4,0.4,-42.696,91.22,Medium,2014
MX-2014-167899,1/8/2014,7/8/2014,Standard Class,Marc Harrigan,Home Office,San Pedro de Macorís,Dominican Republic,LATAM,Caribbean,TEC-AC-10004743,Technology,Accessories,"Logitech Router, USB",660,5,0.2,131.98,47.06,Medium,2014
ES-2013-2386093,1/8/2013,7/8/2013,Standard Class,Nathan Gelder,Consumer,England,United Kingdom,EU,North,FUR-BO-10000684,Furniture,Bookcases,"Sauder Corner Shelving, Traditional",442,3,0.0,30.87,67.81,Low,2013
TU-2012-4890,1/9/2012,6/9/2012,Standard Class,Arianne Irving,Consumer,Kahramanmaras,Turkey,EMEA,EMEA,OFF-KIT-10001609,Office Supplies,Appliances,"KitchenAid Coffee Grinder, Red",28,1,0.6,-30.312,1.49,Medium,2012
ES-2013-3509742,1/3/2013,8/3/2013,Standard Class,Bill Eplett,Home Office,Marche,Italy,EU,South,OFF-PA-10003907,Office Supplies,Paper,"Eaton Message Books, Premium",62,3,0.0,28.98,6.23,Medium,2013
CA-2012-153388,1/8/2012,7/8/2012,Standard Class,Pauline Chand,Home Office,California,United States,US,West,OFF-AR-10001868,Office Supplies,Art,Prang Dustless Chalk Sticks,7,4,0.0,3.36,0.33,Medium,2012
ES-2014-5318878,21-01-2014,27-01-2014,Standard Class,Justin Hirsh,Consumer,Aquitaine,France,EU,Central,TEC-MA-10004933,Technology,Machines,"Konica Phone, Wireless",586,8,0.15,34.332,53.91,Medium,2014
ES-2014-2280822,28-02-2014,2/3/2014,Second Class,Roy Phan,Corporate,Wales,United Kingdom,EU,North,OFF-ST-10002042,Office Supplies,Storage,"Fellowes Folders, Industrial",81,3,0.0,18.54,5.09,High,2014
ID-2011-56969,25-02-2011,3/3/2011,Standard Class,Fred McMath,Consumer,Hubei,China,APAC,North Asia,TEC-PH-10004281,Technology,Phones,"Samsung Audio Dock, Cordless","1,527",9,0.0,656.64,172.32,Medium,2011
ZA-2014-6660,26-02-2014,3/3/2014,Standard Class,Sean Wendt,Home Office,Lusaka,Zambia,Africa,Africa,TEC-HEW-10002304,Technology,Copiers,"Hewlett Fax Machine, High-Speed",318,1,0.0,31.8,29.43,Medium,2014
US-2013-140494,2/8/2013,6/8/2013,Standard Class,Rachel Payne,Corporate,Buenos Aires,Argentina,LATAM,South,OFF-BI-10001167,Office Supplies,Binders,"Wilson Jones Binder, Clear",2,1,0.7,-3.924,0.36,High,2013
CA-2012-138625,2/11/2012,5/11/2012,First Class,Emily Grady,Consumer,Virginia,United States,US,South,OFF-AP-10003099,Office Supplies,Appliances,"Eureka Hand Vacuum, Bagless",198,4,0.0,55.3616,40.87,Medium,2012
IZ-2013-230,2/2/2013,7/2/2013,Standard Class,Mark Haberlin,Corporate,Al Basrah,Iraq,EMEA,EMEA,OFF-KIT-10002357,Office Supplies,Appliances,"KitchenAid Blender, White",100,1,0.0,46.8,11.82,High,2013
IN-2013-42311,27-02-2013,28-02-2013,First Class,Maya Herman,Corporate,Tianjin,China,APAC,North Asia,OFF-AR-10001529,Office Supplies,Art,"Sanford Pens, Fluorescent",49,4,0.0,14.28,11.13,High,2013
ES-2013-5114494,2/1/2013,8/1/2013,Standard Class,Katrina Willman,Consumer,England,United Kingdom,EU,North,FUR-BO-10001324,Furniture,Bookcases,"Sauder Floating Shelf Set, Pine","1,567",8,0.0,360.48,157.47,Low,2013
ES-2011-3525697,2/6/2011,7/6/2011,Standard Class,Jack Lebron,Consumer,Lombardy,Italy,EU,South,OFF-ST-10000130,Office Supplies,Storage,"Eldon Trays, Wire Frame",56,2,0.4,-0.972,7.05,High,2011
ES-2013-1436499,20-02-2013,26-02-2013,Standard Class,Irene Maddox,Consumer,Rhône-Alpes,France,EU,Central,TEC-PH-10003325,Technology,Phones,"Samsung Speaker Phone, with Caller ID",419,4,0.15,-44.424,33.66,Medium,2013
KE-2014-4540,20-02-2014,27-02-2014,Standard Class,Carl Ludwig,Consumer,Nairobi,Kenya,Africa,Africa,OFF-STI-10001162,Office Supplies,Supplies,"Stiletto Letter Opener, Steel",50,2,0.0,6.0,4.77,Low,2014
IT-2011-3203475,26-02-2011,4/3/2011,Standard Class,Bobby Odegard,Consumer,North Holland,Netherlands,EU,Central,FUR-FU-10001086,Furniture,Furnishings,"Advantus Frame, Black",533,6,0.2,-0.144,39.26,Medium,2011
CA-2014-138618,2/12/2014,9/12/2014,Standard Class,Maribeth Yedwab,Corporate,Texas,United States,US,Central,OFF-PA-10000520,Office Supplies,Paper,Xerox 201,10,2,0.2,3.6288,0.6,Medium,2014
CA-2014-122539,2/12/2014,6/12/2014,Standard Class,Sean Christensen,Consumer,Pennsylvania,United States,US,East,OFF-LA-10004853,Office Supplies,Labels,Avery 483,16,4,0.2,5.1792,1.82,High,2014
US-2013-168074,2/9/2013,4/9/2013,Second Class,Roger Barcio,Home Office,Lima (city),Peru,LATAM,South,TEC-PH-10004242,Technology,Phones,"Apple Speaker Phone, VoIP",197,4,0.4,-59.296,28.96,High,2013
ES-2014-2933395,24-02-2014,3/3/2014,Standard Class,Jennifer Patt,Corporate,Ile-de-France,France,EU,Central,OFF-AR-10003651,Office Supplies,Art,"Sanford Pencil Sharpener, Easy-Erase",163,6,0.0,81.18,13.37,Low,2014
CA-2012-104514,2/1/2012,4/1/2012,Second Class,Claudia Bergmann,Corporate,Delaware,United States,US,East,OFF-AR-10001473,Office Supplies,Art,Newell 313,10,3,0.0,2.6568,2.77,Critical,2012
ES-2012-1663353,15-02-2012,17-02-2012,Second Class,Muhammed Lee,Consumer,England,United Kingdom,EU,North,OFF-FA-10000256,Office Supplies,Fasteners,"Advantus Clamps, Bulk Pack",58,3,0.0,23.13,8.86,High,2012
ES-2011-1664904,2/12/2011,7/12/2011,Standard Class,Nathan Mautz,Home Office,Pays de la Loire,France,EU,Central,OFF-BI-10000734,Office Supplies,Binders,"Avery Binding Machine, Recycled",246,5,0.0,105.75,23.91,Medium,2011
MX-2014-169418,2/12/2014,6/12/2014,Standard Class,Christine Phan,Corporate,Guatemala,Guatemala,LATAM,Central,TEC-PH-10003945,Technology,Phones,"Nokia Audio Dock, VoIP",445,4,0.0,4.4,16.23,Medium,2014
US-2014-150315,19-02-2014,25-02-2014,Standard Class,Denny Ordway,Consumer,Santo Domingo,Dominican Republic,LATAM,Caribbean,FUR-CH-10004725,Furniture,Chairs,"Office Star Bag Chairs, Set of Two",92,3,0.2,-3.516,7.18,Medium,2014
IN-2013-82554,19-02-2013,26-02-2013,Standard Class,Robert Dilbeck,Home Office,Marlborough,New Zealand,APAC,Oceania,TEC-CO-10001445,Technology,Copiers,"Brother Personal Copier, High-Speed","1,129",8,0.0,485.28,124.57,Medium,2013
IN-2011-52748,2/9/2011,7/9/2011,Second Class,Ben Wallace,Consumer,Jawa Timur,Indonesia,APAC,Southeast Asia,OFF-FA-10001702,Office Supplies,Fasteners,"Advantus Push Pins, 12 Pack",15,2,0.47,0.8316,1.21,Medium,2011
ES-2013-2481532,20-02-2013,27-02-2013,Standard Class,Michelle Tran,Home Office,Lombardy,Italy,EU,South,OFF-BI-10002354,Office Supplies,Binders,"Acco Binder, Clear",73,5,0.0,24.0,4.78,Medium,2013
UZ-2012-9360,23-02-2012,29-02-2012,Standard Class,Dianna Wilson,Home Office,Namangan,Uzbekistan,EMEA,EMEA,OFF-STO-10003021,Office Supplies,Fasteners,"Stockwell Thumb Tacks, 12 Pack",52,4,0.0,23.28,2.42,Medium,2012
NI-2013-3260,26-02-2013,3/3/2013,Standard Class,Bart Folk,Consumer,Lagos,Nigeria,Africa,Africa,OFF-STO-10003021,Office Supplies,Fasteners,"Stockwell Thumb Tacks, 12 Pack",4,1,0.7,-3.252,0.21,Medium,2013
NI-2013-3260,26-02-2013,3/3/2013,Standard Class,Bart Folk,Consumer,Lagos,Nigeria,Africa,Africa,TEC-STA-10002650,Technology,Machines,"StarTech Card Printer, Wireless",98,2,0.7,-140.64,8.16,Medium,2013
RS-2014-7500,2/8/2014,5/8/2014,Second Class,Evan Minnotte,Home Office,Stavropol',Russia,EMEA,EMEA,OFF-FIS-10004915,Office Supplies,Supplies,"Fiskars Trimmer, Easy Grip",88,2,0.0,32.46,13.06,High,2014
IN-2011-18959,2/11/2011,7/11/2011,Standard Class,Cynthia Arntzen,Consumer,Madhya Pradesh,India,APAC,Central Asia,TEC-AC-10000398,Technology,Accessories,"SanDisk Memory Card, Programmable",228,2,0.0,0.0,8.4,Medium,2011
CA-2012-129770,21-02-2012,23-02-2012,Second Class,Joe Elijah,Consumer,New Mexico,United States,US,West,OFF-PA-10000249,Office Supplies,Paper,Staples,49,4,0.0,23.0864,17.59,Critical,2012
IN-2013-52944,2/9/2013,8/9/2013,Standard Class,Evan Minnotte,Home Office,Chittagong,Bangladesh,APAC,Central Asia,OFF-BI-10002562,Office Supplies,Binders,"Ibico Binding Machine, Durable",106,2,0.0,43.38,22.33,Low,2013
TZ-2013-620,2/4/2013,8/4/2013,Standard Class,Suzanne McNair,Corporate,Kigoma,Tanzania,Africa,Africa,OFF-AVE-10004512,Office Supplies,Binders,"Avery Hole Reinforcements, Economy",4,1,0.0,0.0,0.3,Medium,2013
TU-2013-510,2/7/2013,2/7/2013,Same Day,Pete Kriz,Consumer,Istanbul,Turkey,EMEA,EMEA,OFF-ROG-10004646,Office Supplies,Storage,"Rogers File Cart, Blue",56,1,0.6,-83.022,14.79,Critical,2013
ID-2013-22459,2/10/2013,7/10/2013,Standard Class,Eudokia Martin,Corporate,Australian Capital Territory,Australia,APAC,Oceania,FUR-CH-10000608,Furniture,Chairs,"Office Star Chairmat, Set of Two",204,5,0.4,-10.29,13.56,Medium,2013
IN-2013-79929,27-02-2013,4/3/2013,Standard Class,Clay Cheatham,Consumer,New South Wales,Australia,APAC,Oceania,OFF-PA-10004815,Office Supplies,Paper,"Xerox Note Cards, Premium",166,7,0.1,36.771,9.01,Medium,2013
CA-2012-132374,22-02-2012,24-02-2012,Second Class,Penelope Sewall,Home Office,Michigan,United States,US,Central,OFF-AR-10001615,Office Supplies,Art,Newell 34,79,4,0.0,20.6336,5.95,High,2012
CA-2012-157322,2/7/2012,6/7/2012,Standard Class,Rob Haberlin,Consumer,Illinois,United States,US,Central,OFF-ST-10004507,Office Supplies,Storage,Advantus Rolling Storage Box,69,5,0.2,6.0025,3.69,Medium,2012
US-2012-169222,2/10/2012,7/10/2012,Standard Class,Tom Boeckenhauer,Consumer,Panama,Panama,LATAM,Central,FUR-CH-10004652,Furniture,Chairs,"Hon Bag Chairs, Black",51,3,0.4,-12.816,4.37,Medium,2012
MX-2012-140767,18-02-2012,22-02-2012,Standard Class,Ross Baird,Home Office,São Paulo,Brazil,LATAM,South,TEC-AC-10000376,Technology,Accessories,"Memorex Router, Bluetooth",821,5,0.0,352.9,52.51,Medium,2012
CA-2013-164784,2/5/2013,5/5/2013,First Class,Herbert Flentye,Consumer,Tennessee,United States,US,South,FUR-TA-10004534,Furniture,Tables,Bevis 44 x 96 Conference Tables,371,3,0.4,-142.071,91.58,Medium,2013
MX-2011-144883,2/11/2011,8/11/2011,Standard Class,Vivek Grady,Corporate,Guantánamo,Cuba,LATAM,Caribbean,OFF-BI-10000070,Office Supplies,Binders,"Wilson Jones 3-Hole Punch, Clear",37,2,0.0,13.16,4.25,Medium,2011
TZ-2013-140,2/8/2013,8/8/2013,Standard Class,Rob Haberlin,Consumer,Dar Es Salaam,Tanzania,Africa,Africa,TEC-MEM-10003743,Technology,Accessories,"Memorex Numeric Keypad, Bluetooth",45,1,0.0,13.56,3.06,Medium,2013
IN-2013-21038,2/7/2013,5/7/2013,First Class,Ralph Kennedy,Consumer,Guangdong,China,APAC,North Asia,TEC-PH-10002320,Technology,Phones,"Samsung Speaker Phone, Full Size",374,3,0.0,18.63,70.93,Critical,2013
ES-2014-2280822,28-02-2014,2/3/2014,Second Class,Roy Phan,Corporate,Wales,United Kingdom,EU,North,OFF-ST-10002271,Office Supplies,Storage,"Rogers Shelving, Wire Frame",184,3,0.0,56.88,23.77,High,2014
US-2012-141250,2/1/2012,6/1/2012,Standard Class,Kimberly Carter,Corporate,Cortés,Honduras,LATAM,Central,FUR-TA-10000245,Furniture,Tables,"Chromcraft Computer Table, Adjustable Height",178,2,0.7,-154.512,28.41,High,2012
MX-2013-128160,2/8/2013,4/8/2013,Second Class,Mike Caudle,Corporate,Central,Paraguay,LATAM,South,FUR-FU-10004139,Furniture,Furnishings,"Tenex Photo Frame, Duo Pack",104,3,0.0,39.42,14.11,High,2013
CA-2013-168956,16-02-2013,20-02-2013,Standard Class,Erin Ashbrook,Corporate,Illinois,United States,US,Central,OFF-FA-10000304,Office Supplies,Fasteners,Advantus Push Pins,7,4,0.2,1.8312,0.21,Medium,2013
ID-2014-33638,28-02-2014,5/3/2014,Standard Class,Meg O'Connel,Home Office,National Capital,Philippines,APAC,Southeast Asia,TEC-CO-10002316,Technology,Copiers,"Brother Personal Copier, Laser",743,8,0.35,-114.492,55.15,Medium,2014
TU-2011-9940,2/6/2011,7/6/2011,Second Class,Natalie Webber,Consumer,Ankara,Turkey,EMEA,EMEA,FUR-BAR-10004553,Furniture,Tables,"Barricks Training Table, Rectangular",126,1,0.6,-161.112,11.34,Medium,2011
CA-2012-157322,2/7/2012,6/7/2012,Standard Class,Rob Haberlin,Consumer,Illinois,United States,US,Central,OFF-ST-10003208,Office Supplies,Storage,Adjustable Depth Letter/Legal Cart,436,3,0.2,48.9942,23.32,Medium,2012
TU-2013-3100,19-02-2013,23-02-2013,Standard Class,Pete Kriz,Consumer,Kayseri,Turkey,EMEA,EMEA,OFF-TEN-10003127,Office Supplies,Storage,"Tenex Box, Industrial",14,2,0.6,-4.416,2.09,High,2013
CA-2014-124940,22-02-2014,27-02-2014,Standard Class,Dave Kipp,Consumer,Texas,United States,US,Central,TEC-AC-10002076,Technology,Accessories,Microsoft Natural Keyboard Elite,48,1,0.2,-2.994,2.09,Medium,2014
EZ-2014-8460,28-02-2014,4/3/2014,Standard Class,Cathy Hwang,Home Office,Prague,Czech Republic,EMEA,EMEA,OFF-ROG-10002818,Office Supplies,Storage,"Rogers Trays, Industrial",373,6,0.0,149.04,37.48,Medium,2014
US-2014-129126,2/4/2014,7/4/2014,Standard Class,Russell D'Ascenzo,Consumer,Cortés,Honduras,LATAM,Central,OFF-ST-10004330,Office Supplies,Storage,"Smead Folders, Single Width",35,5,0.4,4.04,3.82,High,2014
IN-2014-83919,2/7/2014,6/7/2014,Standard Class,Randy Bradley,Consumer,New South Wales,Australia,APAC,Oceania,TEC-AC-10002389,Technology,Accessories,"Enermax Mouse, USB",162,4,0.0,38.88,17.6,Medium,2014
TU-2013-510,2/7/2013,2/7/2013,Same Day,Pete Kriz,Consumer,Istanbul,Turkey,EMEA,EMEA,OFF-CAR-10004886,Office Supplies,Binders,"Cardinal Binder, Economy",33,6,0.6,-19.188,3.57,Critical,2013
NI-2014-8530,2/10/2014,2/10/2014,Same Day,Ed Ludwig,Home Office,Oyo,Nigeria,Africa,Africa,OFF-NOV-10004680,Office Supplies,Labels,"Novimex Shipping Labels, Laser Printer Compatible",20,6,0.7,-17.136,1.15,Medium,2014
CA-2014-151176,14-02-2014,21-02-2014,Standard Class,Stewart Visinsky,Consumer,Maryland,United States,US,East,OFF-SU-10001165,Office Supplies,Supplies,Acme Elite Stainless Steel Scissors,25,3,0.0,6.5052,2.6,Medium,2014
IN-2014-37117,13-02-2014,19-02-2014,Standard Class,Robert Waldorf,Consumer,Queensland,Australia,APAC,Oceania,TEC-AC-10001840,Technology,Accessories,"SanDisk Mouse, Erganomic",195,6,0.1,36.828,12.18,Medium,2014
CA-2011-157721,2/9/2011,5/9/2011,First Class,Justin MacKendrick,Consumer,New York,United States,US,East,FUR-FU-10002116,Furniture,Furnishings,"Tenex Carpeted, Granite-Look or Clear Contemporary Contour Shape Chair Mats",71,1,0.0,4.9497,12.46,High,2011
ID-2013-61736,2/12/2013,5/12/2013,First Class,Pauline Chand,Home Office,Sulawesi Utara,Indonesia,APAC,Southeast Asia,TEC-AC-10003753,Technology,Accessories,"SanDisk Router, Programmable",137,1,0.47,-74.7795,32.28,Critical,2013
CA-2014-145233,2/12/2014,6/12/2014,Standard Class,Dianna Vittorini,Consumer,Colorado,United States,US,West,TEC-PH-10001254,Technology,Phones,Jabra BIZ 2300 Duo QD Duo Corded Headset,406,4,0.2,30.4776,33.64,Medium,2014
IN-2013-28759,2/12/2013,4/12/2013,First Class,Jonathan Doherty,Corporate,Chongqing,China,APAC,North Asia,OFF-PA-10003899,Office Supplies,Paper,"SanDisk Memo Slips, Premium",51,3,0.0,17.28,12.95,High,2013
SF-2011-6380,15-02-2011,16-02-2011,First Class,Pete Armstrong,Home Office,Gauteng,South Africa,Africa,Africa,OFF-SME-10000746,Office Supplies,Storage,"Smead Lockers, Industrial","2,785",14,0.0,779.52,422.25,Critical,2011
ES-2013-1650308,2/4/2013,7/4/2013,Standard Class,Nicole Brennan,Corporate,Ile-de-France,France,EU,Central,OFF-AP-10003221,Office Supplies,Appliances,"Cuisinart Refrigerator, Red","1,339",3,0.1,223.236,50.42,Medium,2013
AG-2014-6650,2/3/2014,7/3/2014,Standard Class,Alyssa Crouse,Corporate,Djelfa,Algeria,Africa,Africa,OFF-STA-10003756,Office Supplies,Art,"Stanley Sketch Pad, Blue",44,1,0.0,14.64,1.5,Medium,2014
CA-2014-121559,2/6/2014,4/6/2014,Second Class,Helen Wasserman,Corporate,Indiana,United States,US,Central,OFF-AP-10002945,Office Supplies,Appliances,Honeywell Enviracaire Portable HEPA Air Cleaner for 17' x 22' Room,"2,405",8,0.0,793.716,252.0,High,2014
SA-2011-7130,2/9/2011,7/9/2011,Standard Class,Eugene Hildebrand,Home Office,Makkah,Saudi Arabia,EMEA,EMEA,FUR-RUB-10001717,Furniture,Furnishings,"Rubbermaid Photo Frame, Durable",98,2,0.0,4.86,7.01,Medium,2011
IS-2014-420,27-02-2014,1/3/2014,Second Class,Phillip Breyer,Corporate,Tel Aviv,Israel,EMEA,EMEA,OFF-HOO-10002920,Office Supplies,Appliances,"Hoover Stove, Black",568,1,0.0,45.42,39.15,Medium,2014
US-2013-102379,19-02-2013,23-02-2013,Standard Class,Maureen Fritzler,Corporate,La Romana,Dominican Republic,LATAM,Caribbean,FUR-FU-10001371,Furniture,Furnishings,"Deflect-O Stacking Tray, Black",34,4,0.5,-10.2,3.4,Medium,2013
IN-2011-43599,2/6/2011,7/6/2011,Standard Class,John Grady,Corporate,Uttar Pradesh,India,APAC,Central Asia,OFF-ST-10003017,Office Supplies,Storage,"Tenex Box, Industrial",51,3,0.0,7.56,3.21,Medium,2011
IN-2012-64494,2/1/2012,7/1/2012,Standard Class,Matt Abelman,Home Office,Karnataka,India,APAC,Central Asia,TEC-AC-10003570,Technology,Accessories,"Memorex Flash Drive, Erganomic",245,9,0.0,65.88,24.56,High,2012
ES-2013-3894596,26-02-2013,26-02-2013,Same Day,Karen Bern,Corporate,Madrid,Spain,EU,South,FUR-FU-10000972,Furniture,Furnishings,"Rubbermaid Clock, Erganomic",439,9,0.0,219.51,67.44,High,2013
ES-2012-2332844,2/3/2012,7/3/2012,Standard Class,Brian Thompson,Consumer,England,United Kingdom,EU,North,OFF-BI-10004328,Office Supplies,Binders,"Wilson Jones Binding Machine, Economy",98,4,0.5,-27.48,7.92,Medium,2012
MX-2014-106432,2/9/2014,7/9/2014,Standard Class,Jay Kimmel,Consumer,La Libertad,El Salvador,LATAM,Central,TEC-CO-10002998,Technology,Copiers,"Sharp Ink, Laser",166,2,0.002,49.42824,6.34,High,2014
ES-2012-2694947,2/2/2012,6/2/2012,Standard Class,Jill Fjeld,Consumer,Bavaria,Germany,EU,Central,TEC-AC-10003415,Technology,Accessories,"SanDisk Router, Erganomic","1,779",7,0.0,711.48,157.69,High,2012
ES-2014-2057259,2/8/2014,5/8/2014,First Class,Philip Brown,Consumer,Provence-Alpes-Côte d'Azur,France,EU,Central,OFF-PA-10002616,Office Supplies,Paper,"Green Bar Parchment Paper, Multicolor",109,6,0.0,34.56,11.76,Medium,2014
NI-2011-7830,2/8/2011,4/8/2011,First Class,Benjamin Patterson,Consumer,Rivers,Nigeria,Africa,Africa,TEC-SHA-10000971,Technology,Copiers,"Sharp Fax Machine, Color",178,2,0.7,-368.406,62.43,High,2011
IN-2014-26470,2/1/2014,6/1/2014,Standard Class,Keith Herrera,Consumer,Yunnan,China,APAC,North Asia,OFF-EN-10000968,Office Supplies,Envelopes,"Kraft Mailers, Recycled",36,1,0.0,4.71,1.0,Medium,2014
ID-2014-24363,13-02-2014,19-02-2014,Standard Class,Tracy Blumstein,Consumer,Yangon,Myanmar (Burma),APAC,Southeast Asia,TEC-AC-10003989,Technology,Accessories,"Enermax Numeric Keypad, Bluetooth",274,9,0.47,-67.3542,19.86,Medium,2014
CG-2011-6250,15-02-2011,20-02-2011,Standard Class,Trudy Brown,Consumer,Kinshasa,Democratic Republic of the Congo,Africa,Africa,OFF-GRE-10002561,Office Supplies,Paper,"Green Bar Message Books, Premium",95,4,0.0,9.48,6.19,Medium,2011
ID-2013-86243,2/6/2013,7/6/2013,Standard Class,Daniel Raglin,Home Office,Auckland,New Zealand,APAC,Oceania,OFF-LA-10002486,Office Supplies,Labels,"Novimex File Folder Labels, 5000 Label Set",31,6,0.4,-15.696,2.42,Medium,2013
TZ-2014-9930,2/4/2014,4/4/2014,Second Class,Jonathan Doherty,Corporate,Mbeya,Tanzania,Africa,Africa,OFF-GLO-10002315,Office Supplies,Envelopes,"GlobeWeis Interoffice Envelope, Set of 50",48,1,0.0,10.98,3.0,Medium,2014
ID-2013-72936,2/8/2013,7/8/2013,Standard Class,Ed Braxton,Corporate,Jawa Tengah,Indonesia,APAC,Southeast Asia,OFF-FA-10002388,Office Supplies,Fasteners,"Accos Push Pins, Assorted Sizes",13,2,0.47,-10.1118,1.63,High,2013
EG-2014-1540,18-03-2014,22-03-2014,Standard Class,Jack Lebron,Consumer,Al Qahirah,Egypt,Africa,Africa,FUR-SAF-10000593,Furniture,Chairs,"SAFCO Chairmat, Adjustable",62,1,0.0,13.68,3.22,Medium,2014
SF-2014-3260,3/10/2014,7/10/2014,Standard Class,Liz Thompson,Consumer,Gauteng,South Africa,Africa,Africa,TEC-BRO-10002103,Technology,Copiers,"Brother Ink, Color","1,487",10,0.0,728.7,202.49,High,2014
CA-2014-140949,18-03-2014,23-03-2014,Second Class,Denny Blanton,Consumer,New York,United States,US,East,OFF-LA-10000081,Office Supplies,Labels,Avery 496,19,5,0.0,9.0,1.04,Medium,2014
US-2011-104759,31-03-2011,4/4/2011,Standard Class,Dorothy Dickinson,Consumer,Illinois,United States,US,Central,TEC-AC-10004901,Technology,Accessories,Kensington SlimBlade Notebook Wireless Mouse with Nano Receiver ,80,2,0.2,13.9972,9.03,High,2011
IT-2012-5960351,16-03-2012,21-03-2012,Standard Class,Harold Pawlan,Home Office,Ile-de-France,France,EU,Central,OFF-SU-10003632,Office Supplies,Supplies,"Acme Letter Opener, Easy Grip",32,1,0.0,8.91,4.57,High,2012
ID-2013-86299,25-03-2013,28-03-2013,Second Class,Frank Gastineau,Home Office,Auckland,New Zealand,APAC,Oceania,FUR-TA-10003006,Furniture,Tables,"Hon Wood Table, Rectangular",635,2,0.4,-84.66,71.35,High,2013
SF-2014-840,3/9/2014,5/9/2014,Second Class,Pierre Wener,Consumer,Kwazulu-natal,South Africa,Africa,Africa,OFF-AVE-10000608,Office Supplies,Binders,"Avery Index Tab, Economy",16,2,0.0,6.42,3.18,High,2014
IN-2014-65194,27-03-2014,30-03-2014,Second Class,Art Ferguson,Consumer,Bihar,India,APAC,Central Asia,TEC-AC-10003640,Technology,Accessories,"SanDisk Mouse, Programmable",318,8,0.0,6.24,43.88,Medium,2014
IN-2013-65075,23-03-2013,27-03-2013,Standard Class,Gary Zandusky,Consumer,Punjab,India,APAC,Central Asia,OFF-ST-10000752,Office Supplies,Storage,"Fellowes File Cart, Wire Frame",136,1,0.0,55.89,7.8,Medium,2013
MX-2011-131996,3/8/2011,7/8/2011,Standard Class,Craig Molinari,Corporate,Holguín,Cuba,LATAM,Caribbean,OFF-AR-10002486,Office Supplies,Art,"Sanford Pencil Sharpener, Water Color",77,4,0.0,22.4,10.39,High,2011
IN-2014-19120,20-03-2014,23-03-2014,Second Class,Anthony Witt,Consumer,Rajasthan,India,APAC,Central Asia,TEC-AC-10004334,Technology,Accessories,"Logitech Router, Erganomic",245,1,0.0,85.77,19.88,Medium,2014
IN-2014-75855,20-03-2014,22-03-2014,Second Class,Shahid Collister,Consumer,Shanghai,China,APAC,North Asia,OFF-AR-10002340,Office Supplies,Art,"Stanley Markers, Water Color",228,9,0.0,43.2,28.62,High,2014
IN-2011-59510,18-03-2011,23-03-2011,Standard Class,Darren Koutras,Consumer,Uttar Pradesh,India,APAC,Central Asia,OFF-EN-10001975,Office Supplies,Envelopes,"Kraft Business Envelopes, Security-Tint",49,3,0.0,6.39,3.09,Medium,2011
CA-2014-127782,3/11/2014,7/11/2014,Standard Class,Thea Hudgings,Corporate,Pennsylvania,United States,US,East,OFF-EN-10003845,Office Supplies,Envelopes,Colored Envelopes,9,3,0.2,2.8782,0.5,Medium,2014
CA-2014-137414,3/10/2014,7/10/2014,Standard Class,Chad McGuire,Consumer,California,United States,US,West,FUR-FU-10001424,Furniture,Furnishings,Dax Clear Box Frame,17,2,0.0,5.9364,1.31,Medium,2014
IN-2013-26519,30-03-2013,1/4/2013,First Class,Daniel Raglin,Home Office,New South Wales,Australia,APAC,Oceania,TEC-PH-10003348,Technology,Phones,"Cisco Speaker Phone, with Caller ID",374,3,0.1,128.736,27.09,Medium,2013
IN-2013-86061,3/6/2013,5/6/2013,Second Class,Ashley Jarboe,Consumer,Australian Capital Territory,Australia,APAC,Oceania,OFF-BI-10002775,Office Supplies,Binders,"Ibico Hole Reinforcements, Clear",6,1,0.0,0.69,0.8,Medium,2013
SF-2012-3840,27-03-2012,1/4/2012,Standard Class,Richard Bierner,Consumer,Eastern Cape,South Africa,Africa,Africa,TEC-APP-10004912,Technology,Phones,"Apple Speaker Phone, with Caller ID",123,1,0.0,30.81,2.58,Medium,2012
ES-2012-3898439,23-03-2012,28-03-2012,Standard Class,Andy Gerbode,Corporate,North Rhine-Westphalia,Germany,EU,Central,OFF-ST-10004296,Office Supplies,Storage,"Smead Folders, Industrial",32,2,0.1,4.626,1.51,Medium,2012
ZI-2013-9260,15-03-2013,17-03-2013,First Class,Tiffany House,Corporate,Harare,Zimbabwe,Africa,Africa,OFF-ACC-10004748,Office Supplies,Fasteners,"Accos Push Pins, 12 Pack",4,1,0.7,-5.325,1.22,Critical,2013
IT-2014-1075109,19-03-2014,25-03-2014,Standard Class,Cathy Armstrong,Home Office,Catalonia,Spain,EU,South,OFF-ST-10002800,Office Supplies,Storage,"Tenex Folders, Industrial",85,4,0.1,-9.48,5.23,Low,2014
EG-2014-460,3/9/2014,7/9/2014,Standard Class,Anna Chung,Consumer,Al Qahirah,Egypt,Africa,Africa,TEC-SAN-10004721,Technology,Accessories,"SanDisk Numeric Keypad, Bluetooth",111,2,0.0,17.7,13.0,High,2014
NI-2014-7110,3/1/2014,7/1/2014,Standard Class,Philip Brown,Consumer,Lagos,Nigeria,Africa,Africa,OFF-HAR-10000187,Office Supplies,Labels,"Harbour Creations Color Coded Labels, Alphabetical",4,1,0.7,-2.544,0.41,High,2014
EG-2012-4640,30-03-2012,1/4/2012,First Class,Jim Radford,Consumer,Al Qahirah,Egypt,Africa,Africa,OFF-ACC-10002849,Office Supplies,Binders,"Acco 3-Hole Punch, Clear",30,1,0.0,5.01,6.6,Critical,2012
ES-2014-5842530,3/4/2014,5/4/2014,First Class,Yoseph Carroll,Corporate,England,United Kingdom,EU,North,FUR-BO-10000490,Furniture,Bookcases,"Bush Library with Doors, Metal","2,292",7,0.1,127.134,448.91,High,2014
ES-2014-4794612,3/12/2014,7/12/2014,Standard Class,Bill Tyler,Corporate,Ile-de-France,France,EU,Central,OFF-AR-10000711,Office Supplies,Art,"BIC Pens, Easy-Erase",102,7,0.0,22.26,5.02,Medium,2014
MX-2013-109771,28-03-2013,4/4/2013,Standard Class,Logan Currie,Consumer,Buenos Aires,Argentina,LATAM,South,OFF-BI-10003975,Office Supplies,Binders,"Cardinal Index Tab, Durable",3,2,0.7,-3.072,0.3,Medium,2013
CA-2013-127138,13-03-2013,16-03-2013,Second Class,Dean Katz,Corporate,California,United States,US,West,OFF-AP-10003842,Office Supplies,Appliances,Euro-Pro Shark Turbo Vacuum,155,5,0.0,40.274,6.36,Medium,2013
ES-2011-5610862,29-03-2011,30-03-2011,First Class,Justin Hirsh,Consumer,North Rhine-Westphalia,Germany,EU,Central,OFF-SU-10004230,Office Supplies,Supplies,"Kleencut Scissors, Serrated",38,2,0.0,3.0,7.73,Critical,2011
IS-2011-7290,3/8/2011,9/8/2011,Standard Class,Raymond Messe,Consumer,Haifa,Israel,EMEA,EMEA,FUR-NOV-10000123,Furniture,Chairs,"Novimex Rocking Chair, Red",263,2,0.0,47.28,18.36,Medium,2011
US-2013-125675,22-03-2013,28-03-2013,Standard Class,Mary O'Rourke,Consumer,Pernambuco,Brazil,LATAM,South,OFF-BI-10002510,Office Supplies,Binders,"Acco Index Tab, Clear",4,2,0.6,-1.952,0.11,Medium,2013
ES-2014-5474746,3/1/2014,4/1/2014,Same Day,Rob Dowd,Consumer,Valenciana,Spain,EU,South,OFF-BI-10002674,Office Supplies,Binders,"Cardinal Binder Covers, Recycled",25,2,0.0,11.1,1.05,High,2014
SO-2012-2390,24-03-2012,29-03-2012,Second Class,Steven Roelle,Home Office,Banaadir,Somalia,Africa,Africa,TEC-SAM-10004384,Technology,Phones,"Samsung Office Telephone, VoIP",65,1,0.0,18.93,11.5,High,2012
UP-2012-110,22-03-2012,23-03-2012,First Class,Aimee Bixby,Consumer,Kharkiv,Ukraine,EMEA,EMEA,TEC-STA-10004542,Technology,Machines,"StarTech Calculator, Durable",80,2,0.0,12.0,10.26,Medium,2012
ES-2011-1406120,3/12/2011,3/12/2011,Same Day,Lisa Ryan,Corporate,Hamburg,Germany,EU,Central,TEC-PH-10000160,Technology,Phones,"Motorola Smart Phone, with Caller ID","3,228",5,0.0,742.35,244.67,Medium,2011
MX-2014-136539,18-03-2014,22-03-2014,Standard Class,Fred Hopkins,Corporate,San Salvador,El Salvador,LATAM,Central,OFF-SU-10002323,Office Supplies,Supplies,"Elite Shears, Steel",93,3,0.0,0.0,6.26,High,2014
CA-2014-161172,17-03-2014,17-03-2014,Same Day,Susan Pistek,Consumer,Ohio,United States,US,East,TEC-AC-10004571,Technology,Accessories,Logitech G700s Rechargeable Gaming Mouse,160,2,0.2,43.9956,20.48,High,2014
MX-2013-146318,3/12/2013,7/12/2013,Standard Class,Daniel Raglin,Home Office,Cundinamarca,Colombia,LATAM,South,OFF-BI-10003653,Office Supplies,Binders,"Avery 3-Hole Punch, Durable",39,2,0.0,10.96,2.83,Medium,2013
CA-2013-1880,28-03-2013,2/4/2013,Standard Class,Sandra Glassco,Consumer,Quebec,Canada,Canada,Canada,OFF-FEL-10004224,Office Supplies,Storage,"Fellowes Trays, Wire Frame",56,1,0.0,14.1,7.68,High,2013
ES-2011-5083176,21-03-2011,25-03-2011,Standard Class,Aaron Smayling,Corporate,Basel-Stadt,Switzerland,EU,Central,OFF-AR-10003031,Office Supplies,Art,"Binney & Smith Pens, Fluorescent",26,2,0.0,0.48,1.52,Medium,2011
MX-2012-147823,3/5/2012,9/5/2012,Standard Class,Susan Pistek,Consumer,São Paulo,Brazil,LATAM,South,TEC-CO-10001589,Technology,Copiers,"Hewlett Wireless Fax, Digital","1,516",6,0.002,680.60136,118.62,Medium,2012
US-2014-123281,3/4/2014,8/4/2014,Standard Class,Jamie Frazer,Consumer,California,United States,US,West,FUR-FU-10003724,Furniture,Furnishings,Westinghouse Clip-On Gooseneck Lamps,25,3,0.0,6.5286,0.96,Medium,2014
US-2014-123484,21-03-2014,25-03-2014,Standard Class,Kean Takahito,Consumer,Ouest,Haiti,LATAM,Caribbean,OFF-BI-10003883,Office Supplies,Binders,"Acco Binder, Economy",85,14,0.4,-14.28,5.31,Medium,2014
US-2011-120236,3/9/2011,4/9/2011,First Class,Mathew Reese,Home Office,Texas,United States,US,Central,OFF-BI-10004099,Office Supplies,Binders,GBC VeloBinder Strips,8,5,0.8,-11.52,1.43,High,2011
ID-2013-24643,3/5/2013,7/5/2013,Standard Class,Patrick Ryan,Consumer,Jawa Timur,Indonesia,APAC,Southeast Asia,OFF-AP-10002239,Office Supplies,Appliances,"Hoover Toaster, White",204,3,0.17,36.7722,21.33,High,2013
CA-2014-101308,3/10/2014,8/10/2014,Standard Class,Frank Gastineau,Home Office,Washington,United States,US,West,TEC-PH-10003800,Technology,Phones,i.Sound Portable Power - 8000 mAh,85,2,0.2,-20.1362,6.78,High,2014
IN-2013-51712,3/10/2013,7/10/2013,Standard Class,Corey Catlett,Corporate,New South Wales,Australia,APAC,Oceania,OFF-EN-10003231,Office Supplies,Envelopes,"Jiffy Business Envelopes, Set of 50",158,9,0.1,15.66,22.63,High,2013
IN-2011-49129,21-03-2011,25-03-2011,Standard Class,Mike Vittorini,Consumer,Andhra Pradesh,India,APAC,Central Asia,OFF-EN-10004550,Office Supplies,Envelopes,"GlobeWeis Interoffice Envelope, Recycled",93,2,0.0,29.82,11.52,High,2011
IR-2011-6250,3/10/2011,5/10/2011,Second Class,Eric Hoffmann,Consumer,Qom,Iran,EMEA,EMEA,OFF-STA-10003756,Office Supplies,Art,"Stanley Sketch Pad, Blue",267,6,0.0,87.84,32.24,Medium,2011
CA-2011-149958,15-03-2011,19-03-2011,Standard Class,Alan Shonely,Consumer,Florida,United States,US,South,OFF-BI-10001543,Office Supplies,Binders,GBC VeloBinder Manual Binding System,43,4,0.7,-31.6712,5.01,High,2011
RO-2011-6490,3/3/2011,9/3/2011,Standard Class,Sandra Flanagan,Consumer,Iasi,Romania,EMEA,EMEA,TEC-KON-10002034,Technology,Machines,"Konica Receipt Printer, Wireless",489,4,0.0,97.8,36.03,Medium,2011
ID-2013-55961,28-03-2013,31-03-2013,First Class,Pierre Wener,Consumer,Jakarta,Indonesia,APAC,Southeast Asia,OFF-SU-10001066,Office Supplies,Supplies,"Acme Letter Opener, Steel",31,2,0.47,-22.5534,6.74,High,2013
ES-2012-3239309,27-03-2012,1/4/2012,Second Class,John Murray,Consumer,England,United Kingdom,EU,North,TEC-MA-10001569,Technology,Machines,"Okidata Phone, Red",504,6,0.0,110.88,39.8,Medium,2012
IR-2013-8790,3/6/2013,10/6/2013,Standard Class,Brian Stugart,Consumer,Yazd,Iran,EMEA,EMEA,OFF-CAR-10003030,Office Supplies,Binders,"Cardinal Index Tab, Economy",9,1,0.0,4.02,0.17,Medium,2013
CA-2011-128237,25-03-2011,30-03-2011,Standard Class,Christina Anderson,Consumer,California,United States,US,West,TEC-AC-10002558,Technology,Accessories,Imation Swivel Flash Drive USB flash drive - 8 GB,45,4,0.0,15.918,1.95,Medium,2011
ES-2012-4007496,27-03-2012,1/4/2012,Second Class,Rick Bensley,Home Office,Rhône-Alpes,France,EU,Central,OFF-FA-10003730,Office Supplies,Fasteners,"Stockwell Thumb Tacks, Bulk Pack",53,4,0.0,13.08,4.91,Medium,2012
MO-2013-2020,3/12/2013,8/12/2013,Standard Class,Eileen Kiefer,Home Office,Grand Casablanca,Morocco,Africa,Africa,OFF-AVE-10000608,Office Supplies,Binders,"Avery Index Tab, Economy",94,12,0.0,38.52,6.76,Medium,2013
ZI-2013-9260,15-03-2013,17-03-2013,First Class,Tiffany House,Corporate,Harare,Zimbabwe,Africa,Africa,OFF-BIC-10004557,Office Supplies,Art,"BIC Canvas, Blue",64,4,0.7,-133.2,11.57,Critical,2013
ES-2011-2132896,3/5/2011,7/5/2011,Second Class,Muhammed MacIntyre,Corporate,Bremen,Germany,EU,Central,TEC-MA-10003856,Technology,Machines,"Okidata Calculator, Red",99,2,0.0,28.62,17.35,High,2011
MX-2014-135055,3/10/2014,3/10/2014,Same Day,Craig Carreira,Consumer,Tamaulipas,Mexico,LATAM,North,OFF-BI-10000325,Office Supplies,Binders,"Wilson Jones Binder Covers, Recycled",23,3,0.0,1.38,1.55,Medium,2014
RO-2012-9720,29-03-2012,1/4/2012,First Class,Nora Paige,Consumer,Arges,Romania,EMEA,EMEA,OFF-BOS-10004950,Office Supplies,Art,"Boston Pens, Fluorescent",15,1,0.0,2.61,3.06,High,2012
ES-2013-5616549,3/1/2013,5/1/2013,Second Class,Shui Tom,Consumer,North Rhine-Westphalia,Germany,EU,Central,OFF-PA-10000961,Office Supplies,Paper,"Green Bar Parchment Paper, Premium",83,5,0.0,2.4,19.67,Critical,2013
CA-2012-110632,17-03-2012,22-03-2012,Second Class,Harold Ryan,Corporate,New York,United States,US,East,OFF-ST-10001291,Office Supplies,Storage,"Tenex Personal Self-Stacking Standard File Box, Black/Gray",34,2,0.0,9.1314,3.43,Medium,2012
MX-2013-117506,23-03-2013,28-03-2013,Second Class,Keith Herrera,Consumer,Espírito Santo,Brazil,LATAM,South,OFF-ST-10002538,Office Supplies,Storage,"Rogers File Cart, Single Width",284,3,0.0,113.64,10.72,Medium,2013
IZ-2014-7340,17-03-2014,18-03-2014,First Class,Pete Armstrong,Home Office,Baghdad,Iraq,EMEA,EMEA,FUR-ELD-10003179,Furniture,Furnishings,"Eldon Clock, Erganomic",55,1,0.0,18.72,11.86,High,2014
IR-2011-7690,3/1/2011,8/1/2011,Second Class,Nat Gilpin,Corporate,Razavi Khorasan,Iran,EMEA,EMEA,OFF-BIC-10000582,Office Supplies,Art,"BIC Sketch Pad, Water Color",52,1,0.0,7.77,5.91,High,2011
IN-2014-44110,3/12/2014,3/12/2014,Same Day,Denny Blanton,Consumer,Ho Chí Minh City,Vietnam,APAC,Southeast Asia,OFF-AR-10000720,Office Supplies,Art,"Binney & Smith Markers, Fluorescent",63,3,0.17,2.2815,0.66,High,2014
YM-2012-9880,3/4/2012,7/4/2012,Standard Class,Chloris Kastensmidt,Consumer,Ta'izz,Yemen,EMEA,EMEA,TEC-SHA-10003670,Technology,Copiers,"Sharp Wireless Fax, Laser",214,2,0.7,-320.328,16.84,High,2012
CA-2013-102813,3/7/2013,4/7/2013,First Class,Erin Ashbrook,Corporate,Texas,United States,US,Central,FUR-CH-10000665,Furniture,Chairs,"Global Airflow Leather Mesh Back Chair, Black",528,5,0.3,0.0,88.68,High,2013
RS-2014-5110,19-03-2014,20-03-2014,First Class,Sean Braxton,Corporate,Arkhangel'sk,Russia,EMEA,EMEA,OFF-ACC-10004538,Office Supplies,Binders,"Acco Binder Covers, Recycled",14,1,0.0,4.08,1.09,Medium,2014
IS-2012-3230,3/11/2012,7/11/2012,Standard Class,Cyma Kinney,Corporate,Tel Aviv,Israel,EMEA,EMEA,OFF-CAR-10004229,Office Supplies,Binders,"Cardinal Index Tab, Clear",15,2,0.0,5.04,2.04,High,2012
RO-2014-2550,3/9/2014,7/9/2014,Standard Class,Brosina Hoffman,Consumer,Valcea,Romania,EMEA,EMEA,TEC-PAN-10004360,Technology,Machines,"Panasonic Calculator, White",49,1,0.0,16.05,2.35,Medium,2014
CA-2013-128258,31-03-2013,2/4/2013,First Class,Cathy Prescott,Corporate,Connecticut,United States,US,East,OFF-PA-10004156,Office Supplies,Paper,Xerox 188,11,1,0.0,5.5566,2.01,High,2013
MX-2014-143462,3/10/2014,3/10/2014,Same Day,Thea Hendricks,Consumer,Chihuahua,Mexico,LATAM,North,FUR-CH-10001819,Furniture,Chairs,"Office Star Chairmat, Set of Two",73,2,0.2,19.928,5.89,High,2014
IN-2014-21171,18-03-2014,23-03-2014,Standard Class,Bill Donatelli,Consumer,Henan,China,APAC,North Asia,FUR-BO-10002000,Furniture,Bookcases,"Ikea Classic Bookcase, Metal",822,2,0.0,123.36,45.16,Medium,2014
US-2013-152842,30-03-2013,4/4/2013,Second Class,Cynthia Delaney,Home Office,Entre Ríos,Argentina,LATAM,South,OFF-FA-10002085,Office Supplies,Fasteners,"Stockwell Clamps, Assorted Sizes",20,3,0.4,-6.852,1.77,Medium,2013
MX-2012-113614,3/12/2012,9/12/2012,Standard Class,Matt Collins,Consumer,Las Tunas,Cuba,LATAM,Caribbean,TEC-CO-10000262,Technology,Copiers,"Brother Ink, Laser",392,4,0.002,65.9344,30.22,Medium,2012
MO-2012-6660,29-03-2012,31-03-2012,Second Class,Anthony Rawles,Corporate,Fès-Boulemane,Morocco,Africa,Africa,OFF-CUI-10000682,Office Supplies,Appliances,"Cuisinart Stove, Silver","1,078",2,0.0,323.4,150.41,High,2012
RW-2014-680,20-03-2014,22-03-2014,First Class,Barbara Fisher,Corporate,Kigali,Rwanda,Africa,Africa,OFF-ACC-10003713,Office Supplies,Fasteners,"Accos Clamps, Assorted Sizes",135,8,0.0,40.32,14.88,High,2014
RS-2014-4120,19-03-2014,23-03-2014,Second Class,Rick Bensley,Home Office,Yaroslavl',Russia,EMEA,EMEA,TEC-MOT-10003348,Technology,Phones,"Motorola Smart Phone, Full Size","2,571",4,0.0,976.8,357.89,Medium,2014
CA-2012-132101,19-03-2012,25-03-2012,Standard Class,Jesus Ocampo,Home Office,Washington,United States,US,West,TEC-PH-10004539,Technology,Phones,Wireless Extenders zBoost YX545 SOHO Signal Booster,454,3,0.2,39.6879,31.48,Medium,2012
US-2011-148838,17-03-2011,21-03-2011,Standard Class,Christine Phan,Corporate,New York,United States,US,East,FUR-TA-10003473,Furniture,Tables,Bretford Rectangular Conference Table Tops,"1,580",7,0.4,-447.5947,101.14,Medium,2011
TZ-2011-4790,3/5/2011,5/5/2011,First Class,Toby Ritter,Consumer,Dar Es Salaam,Tanzania,Africa,Africa,FUR-ELD-10003828,Furniture,Furnishings,"Eldon Light Bulb, Erganomic",24,1,0.0,2.85,7.14,Critical,2011
EG-2014-1540,18-03-2014,22-03-2014,Standard Class,Jack Lebron,Consumer,Al Qahirah,Egypt,Africa,Africa,OFF-IBI-10000440,Office Supplies,Binders,"Ibico Binder Covers, Clear",26,2,0.0,1.8,1.39,Medium,2014
MX-2013-143455,20-04-2013,25-04-2013,Standard Class,Anna Gayman,Consumer,Pará,Brazil,LATAM,South,OFF-EN-10001832,Office Supplies,Envelopes,"Ames Mailers, with clear poly window",79,3,0.0,13.38,6.94,Medium,2013
ES-2014-5640080,16-04-2014,20-04-2014,Standard Class,Mark Hamilton,Consumer,Rhineland-Palatinate,Germany,EU,Central,OFF-SU-10001703,Office Supplies,Supplies,"Fiskars Box Cutter, High Speed",107,3,0.0,37.26,19.06,High,2014
CA-2014-111738,4/1/2014,8/1/2014,Standard Class,Christopher Martinez,Consumer,California,United States,US,West,OFF-BI-10004584,Office Supplies,Binders,GBC ProClick 150 Presentation Binding System,"2,022",8,0.2,682.5168,215.83,Medium,2014
US-2013-113866,4/6/2013,10/6/2013,Standard Class,Theone Pippenger,Consumer,Distrito Federal,Mexico,LATAM,North,OFF-EN-10003529,Office Supplies,Envelopes,"Ames Peel and Seal, Recycled",23,2,0.0,6.04,3.27,Low,2013
RS-2011-2560,25-04-2011,30-04-2011,Standard Class,Muhammed Yedwab,Corporate,Yaroslavl',Russia,EMEA,EMEA,TEC-PAN-10000979,Technology,Machines,"Panasonic Receipt Printer, Wireless",121,1,0.0,31.41,4.99,Medium,2011
IN-2014-86558,4/4/2014,7/4/2014,Second Class,Harold Pawlan,Home Office,New South Wales,Australia,APAC,Oceania,OFF-AR-10004918,Office Supplies,Art,"Binney & Smith Pens, Fluorescent",26,2,0.0,4.44,3.04,High,2014
US-2013-115819,20-04-2013,25-04-2013,Second Class,Jas O'Carroll,Consumer,California,United States,US,West,OFF-BI-10000050,Office Supplies,Binders,"Angle-D Binders with Locking Rings, Label Holders",6,1,0.2,1.971,0.13,Medium,2013
SU-2013-8780,22-04-2013,27-04-2013,Standard Class,Ellis Ballard,Corporate,Red Sea,Sudan,Africa,Africa,OFF-HAR-10000501,Office Supplies,Labels,"Harbour Creations File Folder Labels, Laser Printer Compatible",9,1,0.0,2.7,0.98,Medium,2013
IR-2012-1390,4/9/2012,8/9/2012,Standard Class,Cathy Prescott,Corporate,Gilan,Iran,EMEA,EMEA,FUR-LES-10004886,Furniture,Tables,"Lesro Conference Table, Fully Assembled","1,718",2,0.0,68.7,196.23,High,2012
TU-2011-3910,26-04-2011,29-04-2011,Second Class,Lindsay Castell,Home Office,Ankara,Turkey,EMEA,EMEA,TEC-SAN-10001506,Technology,Accessories,"SanDisk Router, Programmable",413,4,0.6,-392.04,61.42,High,2011
TU-2013-2580,20-04-2013,24-04-2013,Standard Class,Michelle Tran,Home Office,Adana,Turkey,EMEA,EMEA,OFF-CAR-10002942,Office Supplies,Binders,"Cardinal 3-Hole Punch, Recycled",140,12,0.6,-108.792,7.77,Medium,2013
CG-2014-5060,25-04-2014,1/5/2014,Standard Class,Keith Herrera,Consumer,Bandundu,Democratic Republic of the Congo,Africa,Africa,OFF-WIL-10000390,Office Supplies,Binders,"Wilson Jones Binder, Durable",15,1,0.0,0.57,1.71,Medium,2014
ES-2014-5334183,4/8/2014,7/8/2014,Second Class,Alex Avila,Consumer,England,United Kingdom,EU,North,OFF-ST-10001576,Office Supplies,Storage,"Tenex Folders, Blue",23,1,0.0,7.65,4.18,High,2014
US-2012-163433,18-04-2012,22-04-2012,Second Class,Michael Paige,Corporate,Texas,United States,US,Central,TEC-PH-10003357,Technology,Phones,Grandstream GXP2100 Mainstream Business Phone,245,4,0.2,24.4768,64.52,High,2012
MX-2011-165106,4/11/2011,7/11/2011,Second Class,John Lee,Consumer,San Salvador,El Salvador,LATAM,Central,OFF-AP-10004627,Office Supplies,Appliances,"Hamilton Beach Stove, Silver","1,086",3,0.0,32.58,55.81,Medium,2011
CA-2012-137974,16-04-2012,18-04-2012,First Class,Lauren Leatherbury,Consumer,Virginia,United States,US,South,TEC-PH-10002033,Technology,Phones,Konftel 250 Conference phone - Charcoal black,570,2,0.0,148.1064,1.91,Medium,2012
CA-2012-112557,25-04-2012,28-04-2012,First Class,John Lucas,Consumer,New York,United States,US,East,OFF-AP-10002311,Office Supplies,Appliances,"Holmes Replacement Filter for HEPA Air Cleaner, Very Large Room, HEPA Filter",206,3,0.0,90.8292,8.77,Medium,2012
CA-2013-163594,13-04-2013,15-04-2013,First Class,Jason Fortune-,Consumer,California,United States,US,West,OFF-PA-10000809,Office Supplies,Paper,Xerox 206,19,3,0.0,9.3312,1.77,Medium,2013
MX-2014-127537,4/11/2014,9/11/2014,Standard Class,Patrick Ryan,Consumer,São Paulo,Brazil,LATAM,South,TEC-PH-10002892,Technology,Phones,"Nokia Speaker Phone, Cordless",252,3,0.0,73.08,17.8,Medium,2014
ES-2014-2968300,18-04-2014,20-04-2014,First Class,Georgia Rosenberg,Corporate,Ile-de-France,France,EU,Central,FUR-FU-10004049,Furniture,Furnishings,"Eldon Light Bulb, Erganomic",95,4,0.0,11.4,19.56,High,2014
IN-2011-57704,19-04-2011,22-04-2011,Second Class,Bryan Mills,Consumer,Maharashtra,India,APAC,Central Asia,FUR-FU-10002292,Furniture,Furnishings,"Deflect-O Door Stop, Duo Pack",132,3,0.0,54.09,18.44,Medium,2011
IN-2013-38475,4/7/2013,4/7/2013,Same Day,Evan Henry,Consumer,Sumatera Utara,Indonesia,APAC,Southeast Asia,FUR-BO-10002204,Furniture,Bookcases,"Dania Floating Shelf Set, Traditional",315,2,0.07,125.271,33.67,High,2013
IS-2011-1180,25-04-2011,30-04-2011,Standard Class,Chuck Magee,Consumer,Jerusalem,Israel,EMEA,EMEA,OFF-ACC-10003745,Office Supplies,Fasteners,"Accos Paper Clips, Assorted Sizes",14,1,0.0,0.84,1.89,High,2011
US-2013-151225,15-04-2013,20-04-2013,Standard Class,Grace Kelly,Corporate,Lima (city),Peru,LATAM,South,OFF-ST-10003056,Office Supplies,Storage,"Tenex Folders, Single Width",65,7,0.4,-38.08,1.91,Medium,2013
US-2012-112004,4/5/2012,10/5/2012,Standard Class,Denny Ordway,Consumer,Sinaloa,Mexico,LATAM,North,FUR-FU-10000975,Furniture,Furnishings,"Eldon Clock, Black",45,2,0.4,-0.024,3.65,Medium,2012
ES-2013-5506373,4/1/2013,6/1/2013,Second Class,Robert Dilbeck,Home Office,Piedmont,Italy,EU,South,OFF-AP-10004201,Office Supplies,Appliances,"Breville Refrigerator, White","2,070",4,0.0,413.88,132.18,High,2013
CA-2012-100216,13-04-2012,14-04-2012,First Class,Heather Jas,Home Office,Arizona,United States,US,West,OFF-PA-10000788,Office Supplies,Paper,Xerox 210,31,6,0.2,10.8864,3.06,Medium,2012
LT-2011-270,27-04-2011,30-04-2011,First Class,Cynthia Voltz,Corporate,Maseru,Lesotho,Africa,Africa,OFF-ELD-10002199,Office Supplies,Storage,"Eldon File Cart, Single Width",128,1,0.0,55.17,29.32,High,2011
ES-2013-1245292,19-04-2013,22-04-2013,First Class,Monica Federle,Corporate,North Rhine-Westphalia,Germany,EU,Central,OFF-BI-10001192,Office Supplies,Binders,"Cardinal Binder, Clear",40,3,0.0,1.17,7.12,High,2013
CA-2014-123071,4/12/2014,7/12/2014,First Class,Clay Cheatham,Consumer,Texas,United States,US,Central,OFF-PA-10003729,Office Supplies,Paper,Xerox 1998,10,2,0.2,3.6288,1.1,High,2014
IT-2014-2866257,4/8/2014,8/8/2014,Standard Class,Katherine Nockton,Corporate,Ile-de-France,France,EU,Central,OFF-SU-10004691,Office Supplies,Supplies,"Fiskars Scissors, Serrated",79,4,0.0,35.64,1.75,Medium,2014
MX-2013-133256,4/6/2013,8/6/2013,Standard Class,Rick Duston,Consumer,Santa Ana,El Salvador,LATAM,Central,FUR-BO-10003438,Furniture,Bookcases,"Dania Corner Shelving, Pine",411,5,0.0,86.3,20.88,Medium,2013
US-2014-132731,4/4/2014,6/4/2014,Second Class,MaryBeth Skach,Consumer,Cortés,Honduras,LATAM,Central,OFF-LA-10001019,Office Supplies,Labels,"Hon Legal Exhibit Labels, Laser Printer Compatible",9,2,0.4,-2.632,0.96,Medium,2014
ES-2012-1517831,23-04-2012,27-04-2012,Standard Class,Cathy Prescott,Corporate,Provence-Alpes-Côte d'Azur,France,EU,Central,OFF-EN-10002008,Office Supplies,Envelopes,"Cameo Mailers, Recycled",333,9,0.0,76.41,11.51,Medium,2012
US-2014-110611,4/10/2014,10/10/2014,Standard Class,Alyssa Tate,Home Office,Anzoátegui,Venezuela,LATAM,South,FUR-FU-10004903,Furniture,Furnishings,"Eldon Light Bulb, Black",40,4,0.4,-7.44,2.66,Medium,2014
CA-2014-121503,4/7/2014,7/7/2014,Second Class,Frank Hawley,Corporate,Texas,United States,US,Central,TEC-MA-10003674,Technology,Machines,Hewlett-Packard Deskjet 5550 Printer,597,3,0.4,49.761,40.78,Medium,2014
ES-2011-5178055,18-04-2011,22-04-2011,Standard Class,Dan Reichenbach,Corporate,Hamburg,Germany,EU,Central,OFF-ST-10002042,Office Supplies,Storage,"Fellowes Folders, Industrial",48,2,0.1,6.984,3.6,Medium,2011
CA-2011-100678,18-04-2011,22-04-2011,Standard Class,Kunst Miller,Consumer,Texas,United States,US,Central,OFF-AR-10001868,Office Supplies,Art,Prang Dustless Chalk Sticks,3,2,0.2,1.008,0.1,Medium,2011
ID-2012-25315,4/1/2012,4/1/2012,Same Day,Anna Andreadi,Consumer,Jakarta,Indonesia,APAC,Southeast Asia,OFF-ST-10001026,Office Supplies,Storage,"Fellowes Trays, Single Width",143,3,0.17,48.2058,59.62,Critical,2012
ES-2014-5467236,4/1/2014,8/1/2014,Standard Class,Maribeth Dona,Consumer,Rhône-Alpes,France,EU,Central,OFF-SU-10001813,Office Supplies,Supplies,"Kleencut Ruler, Easy Grip",46,3,0.0,0.9,4.62,Medium,2014
MX-2013-164938,17-04-2013,22-04-2013,Second Class,Resi Pölking,Consumer,Alagoas,Brazil,LATAM,South,OFF-PA-10002418,Office Supplies,Paper,"Green Bar Message Books, Multicolor",50,3,0.0,5.52,3.87,Medium,2013
NI-2014-9770,4/6/2014,9/6/2014,Standard Class,Brooke Gillingham,Corporate,Kaduna,Nigeria,Africa,Africa,OFF-ACC-10000233,Office Supplies,Binders,"Acco Binder, Economy",5,1,0.7,-8.505,0.41,Medium,2014
ID-2012-82393,20-04-2012,22-04-2012,Second Class,Craig Leslie,Home Office,Auckland,New Zealand,APAC,Oceania,FUR-CH-10004199,Furniture,Chairs,"SAFCO Executive Leather Armchair, Adjustable",557,2,0.4,-306.216,177.36,Critical,2012
MX-2013-128027,4/10/2013,9/10/2013,Standard Class,Candace McMahon,Corporate,Cortés,Honduras,LATAM,Central,OFF-FA-10003885,Office Supplies,Fasteners,"Stockwell Rubber Bands, Metal",26,4,0.4,-5.264,4.65,High,2013
ES-2013-2734435,4/10/2013,7/10/2013,Second Class,Paul Van Hugh,Home Office,North Rhine-Westphalia,Germany,EU,Central,FUR-BO-10001831,Furniture,Bookcases,"Sauder Floating Shelf Set, Metal",524,3,0.1,81.468,29.42,Medium,2013
NI-2011-8350,4/2/2011,9/2/2011,Second Class,Ann Steele,Home Office,Lagos,Nigeria,Africa,Africa,OFF-SAN-10001128,Office Supplies,Art,"Sanford Pens, Easy-Erase",7,2,0.7,-10.698,0.35,Medium,2011
IT-2013-5472233,4/6/2013,8/6/2013,Standard Class,Sample Company A,Home Office,North Brabant,Netherlands,EU,Central,OFF-BI-10000341,Office Supplies,Binders,"Ibico Binding Machine, Recycled",259,10,0.5,-165.9,20.03,Medium,2013
MX-2013-169320,30-04-2013,4/5/2013,Standard Class,Ross Baird,Home Office,Guatemala,Guatemala,LATAM,Central,FUR-BO-10004425,Furniture,Bookcases,"Sauder Library with Doors, Mobile",780,3,0.0,187.26,84.22,High,2013
ES-2012-1986848,13-04-2012,17-04-2012,Standard Class,Sarah Brown,Consumer,Franche-Comté,France,EU,Central,TEC-MA-10000161,Technology,Machines,"Konica Receipt Printer, Durable",416,4,0.15,68.418,15.54,Medium,2012
TU-2011-6490,4/3/2011,9/3/2011,Standard Class,Pierre Wener,Consumer,Istanbul,Turkey,EMEA,EMEA,TEC-PAN-10000131,Technology,Machines,"Panasonic Receipt Printer, Red",94,2,0.6,-25.98,4.07,Medium,2011
IN-2011-76842,13-04-2011,17-04-2011,Standard Class,Stewart Visinsky,Consumer,Jawa Timur,Indonesia,APAC,Southeast Asia,TEC-CO-10002587,Technology,Copiers,"Sharp Fax and Copier, Laser",470,3,0.07,202.284,24.86,Medium,2011
MO-2011-6140,25-04-2011,28-04-2011,First Class,Rachel Payne,Corporate,Meknès-Tafilalet,Morocco,Africa,Africa,OFF-EAT-10004307,Office Supplies,Paper,"Eaton Memo Slips, 8.5 x 11",18,1,0.0,4.8,0.37,Medium,2011
MX-2014-147725,24-04-2014,29-04-2014,Standard Class,Kelly Williams,Consumer,Nuevo León,Mexico,LATAM,North,OFF-BI-10000821,Office Supplies,Binders,"Acco Hole Reinforcements, Durable",11,2,0.0,3.48,0.69,High,2014
IN-2014-44334,4/9/2014,10/9/2014,Standard Class,Anthony Witt,Consumer,Guangdong,China,APAC,North Asia,OFF-LA-10003617,Office Supplies,Labels,"Smead Legal Exhibit Labels, Adjustable",27,3,0.0,11.61,2.76,Medium,2014
PL-2012-5180,30-04-2012,3/5/2012,Second Class,Theresa Swint,Corporate,Masovia,Poland,EMEA,EMEA,OFF-CAM-10003933,Office Supplies,Envelopes,"Cameo Business Envelopes, Recycled",19,1,0.0,2.1,2.12,Medium,2012
ES-2011-3072555,4/4/2011,9/4/2011,Standard Class,Ed Braxton,Corporate,Upper Normandy,France,EU,Central,OFF-FA-10001051,Office Supplies,Fasteners,"OIC Rubber Bands, Metal",86,5,0.0,32.55,6.26,Medium,2011
PL-2013-7230,4/3/2013,9/3/2013,Standard Class,Todd Sumrall,Corporate,Pomerania,Poland,EMEA,EMEA,OFF-CAM-10003605,Office Supplies,Envelopes,"Cameo Peel and Seal, Security-Tint",23,1,0.0,1.38,2.16,Medium,2013
ES-2011-5158527,4/5/2011,8/5/2011,Standard Class,Evan Minnotte,Home Office,North Rhine-Westphalia,Germany,EU,Central,OFF-LA-10003210,Office Supplies,Labels,"Harbour Creations File Folder Labels, Laser Printer Compatible",35,4,0.0,10.8,5.92,High,2011
TU-2014-810,16-04-2014,19-04-2014,First Class,Andy Yotov,Corporate,Trabzon,Turkey,EMEA,EMEA,OFF-AVE-10004148,Office Supplies,Labels,"Avery Color Coded Labels, Laser Printer Compatible",5,1,0.6,-5.604,0.99,Critical,2014
IN-2013-22438,24-04-2013,26-04-2013,Second Class,Tony Chapman,Home Office,Karnataka,India,APAC,Central Asia,TEC-PH-10003784,Technology,Phones,"Motorola Signal Booster, with Caller ID",286,2,0.0,19.98,62.0,Critical,2013
CA-2014-8860,4/7/2014,9/7/2014,Standard Class,Tamara Dahlen,Consumer,Ontario,Canada,Canada,Canada,OFF-SME-10000018,Office Supplies,Labels,"Smead Round Labels, Laser Printer Compatible",41,6,0.0,14.76,2.82,Medium,2014
IN-2012-40225,4/5/2012,10/5/2012,Standard Class,Heather Jas,Home Office,Queensland,Australia,APAC,Oceania,TEC-CO-10002697,Technology,Copiers,"Brother Wireless Fax, High-Speed","1,018",3,0.1,214.857,111.07,Low,2012
IN-2011-50613,4/11/2011,9/11/2011,Second Class,Jason Klamczynski,Corporate,Sichuan,China,APAC,North Asia,TEC-CO-10000560,Technology,Copiers,"Hewlett Ink, High-Speed","1,028",7,0.0,20.37,77.63,Medium,2011
IN-2011-74490,16-04-2011,17-04-2011,First Class,Penelope Sewall,Home Office,Guangdong,China,APAC,North Asia,TEC-AC-10002221,Technology,Accessories,"Memorex Mouse, Bluetooth",169,6,0.0,20.16,21.29,High,2011
ES-2013-3285041,27-04-2013,2/5/2013,Standard Class,Xylona Preis,Consumer,Lazio,Italy,EU,South,FUR-BO-10001133,Furniture,Bookcases,"Ikea Classic Bookcase, Mobile","1,243",3,0.0,397.62,32.26,Medium,2013
IR-2014-5870,4/7/2014,8/7/2014,Standard Class,Sylvia Foulston,Corporate,Khuzestan,Iran,EMEA,EMEA,OFF-SME-10001754,Office Supplies,Labels,"Smead File Folder Labels, 5000 Label Set",9,1,0.0,4.26,0.49,Medium,2014
IN-2011-38111,19-04-2011,21-04-2011,First Class,Dave Brooks,Consumer,New South Wales,Australia,APAC,Oceania,OFF-BI-10002386,Office Supplies,Binders,"Acco Index Tab, Clear",15,2,0.1,0.324,1.02,High,2011
CA-2013-146423,22-04-2013,22-04-2013,Same Day,Brian Thompson,Consumer,Connecticut,United States,US,East,OFF-PA-10003797,Office Supplies,Paper,Xerox 209,52,8,0.0,24.8832,2.37,Medium,2013
IT-2012-5084286,18-04-2012,19-04-2012,First Class,Brad Thomas,Home Office,Lazio,Italy,EU,South,TEC-PH-10002907,Technology,Phones,"Motorola Headset, VoIP",192,4,0.4,-60.768,21.63,Medium,2012
ES-2014-5747773,24-04-2014,28-04-2014,Standard Class,Rob Williams,Corporate,Baden-Württemberg,Germany,EU,Central,OFF-LA-10004972,Office Supplies,Labels,"Avery File Folder Labels, 5000 Label Set",29,3,0.0,1.08,2.51,Medium,2014
US-2014-132031,24-04-2014,28-04-2014,Standard Class,Parhena Norris,Home Office,Tennessee,United States,US,South,OFF-LA-10000081,Office Supplies,Labels,Avery 496,3,1,0.2,1.05,0.27,Medium,2014
IN-2012-44474,16-04-2012,20-04-2012,Standard Class,Emily Phan,Consumer,Punjab,Pakistan,APAC,Central Asia,TEC-AC-10000258,Technology,Accessories,"Belkin Numeric Keypad, Bluetooth",58,2,0.5,-2.34,5.21,Medium,2012
MX-2011-134705,4/5/2011,8/5/2011,Standard Class,Xylona Preis,Consumer,San Salvador,El Salvador,LATAM,Central,FUR-TA-10003926,Furniture,Tables,"Hon Wood Table, with Bottom Storage","2,834",10,0.2,35.36,269.94,High,2011
CA-2013-167682,4/4/2013,10/4/2013,Standard Class,Zuschuss Donatelli,Consumer,Indiana,United States,US,Central,TEC-PH-10000673,Technology,Phones,Plantronics Voyager Pro HD - Bluetooth Headset,260,4,0.0,124.7808,11.84,Medium,2013
IN-2012-31741,24-04-2012,26-04-2012,First Class,Noah Childs,Corporate,Hunan,China,APAC,North Asia,OFF-SU-10002214,Office Supplies,Supplies,"Kleencut Letter Opener, Easy Grip",108,4,0.0,47.52,15.8,Medium,2012
SF-2013-9440,4/12/2013,8/12/2013,Second Class,Sanjit Jacobs,Home Office,Gauteng,South Africa,Africa,Africa,TEC-BEL-10003177,Technology,Accessories,"Belkin Keyboard, Erganomic",82,1,0.0,4.89,7.83,Medium,2013
US-2014-153255,4/9/2014,8/9/2014,Second Class,Joe Kamberova,Consumer,California,United States,US,West,FUR-BO-10004218,Furniture,Bookcases,"Bush Heritage Pine Collection 5-Shelf Bookcase, Albany Pine Finish, *Special Order",240,2,0.15,14.098,6.46,Medium,2014
US-2014-127600,17-04-2014,22-04-2014,Standard Class,Sean Braxton,Corporate,Bahia,Brazil,LATAM,South,OFF-ST-10004660,Office Supplies,Storage,"Fellowes Box, Single Width",32,6,0.6,-41.064,2.86,Medium,2014
IT-2014-5563463,4/12/2014,11/12/2014,Standard Class,Adrian Barton,Consumer,Dublin,Ireland,EU,North,OFF-LA-10000379,Office Supplies,Labels,"Harbour Creations Legal Exhibit Labels, 5000 Label Set",11,2,0.5,-7.74,0.28,Medium,2014
ES-2013-3963045,26-04-2013,30-04-2013,Standard Class,Henry MacAllister,Consumer,Provence-Alpes-Côte d'Azur,France,EU,Central,OFF-AR-10001228,Office Supplies,Art,"Stanley Markers, Water Color",76,3,0.0,25.11,3.99,Medium,2013
MX-2014-154739,4/7/2014,7/7/2014,Second Class,Shaun Chance,Corporate,Artemisa,Cuba,LATAM,Caribbean,FUR-BO-10002679,Furniture,Bookcases,"Ikea Stackable Bookrack, Mobile",334,4,0.0,106.72,45.85,High,2014
IN-2014-33666,4/6/2014,8/6/2014,Standard Class,Keith Dawkins,Corporate,Perak,Malaysia,APAC,Southeast Asia,OFF-BI-10003309,Office Supplies,Binders,"Wilson Jones Binder Covers, Clear",53,5,0.0,13.2,4.37,Medium,2014
US-2014-165267,4/10/2014,9/10/2014,Standard Class,Corey Catlett,Corporate,São Paulo,Brazil,LATAM,South,FUR-TA-10003663,Furniture,Tables,"Bevis Computer Table, Adjustable Height",525,2,0.2,-124.664,46.48,Medium,2014
TZ-2014-7370,4/11/2014,9/11/2014,Standard Class,Charles Sheldon,Corporate,Shinyanga,Tanzania,Africa,Africa,TEC-BRO-10000463,Technology,Copiers,"Brother Copy Machine, Color",527,2,0.0,226.8,27.37,Medium,2014
CA-2013-123050,5/4/2013,9/4/2013,Second Class,Becky Castell,Home Office,New York,United States,US,East,FUR-FU-10000723,Furniture,Furnishings,"Deflect-o EconoMat Studded, No Bevel Mat for Low Pile Carpeting",83,2,0.0,7.4376,7.27,Medium,2013
IZ-2011-2730,5/9/2011,7/9/2011,First Class,Christine Abelman,Corporate,Ninawa,Iraq,EMEA,EMEA,FUR-TEN-10003050,Furniture,Furnishings,"Tenex Photo Frame, Black",52,1,0.0,14.49,7.83,High,2011
IN-2013-76828,5/5/2013,9/5/2013,Standard Class,Tony Chapman,Home Office,Victoria,Australia,APAC,Oceania,OFF-AR-10002797,Office Supplies,Art,"Sanford Highlighters, Blue",85,6,0.1,18.81,9.48,Medium,2013
KE-2011-6610,5/10/2011,10/10/2011,Standard Class,Roger Barcio,Home Office,Nairobi,Kenya,Africa,Africa,OFF-AVE-10003549,Office Supplies,Binders,"Avery Binding Machine, Recycled",49,1,0.0,21.15,4.06,Medium,2011
EG-2013-1510,25-05-2013,31-05-2013,Standard Class,Gary McGarr,Consumer,Bani Suwayf,Egypt,Africa,Africa,OFF-ROG-10003993,Office Supplies,Storage,"Rogers File Cart, Single Width",142,1,0.0,36.81,11.32,Medium,2013
IT-2011-3076849,31-05-2011,5/6/2011,Standard Class,Jocasta Rupert,Consumer,Lazio,Italy,EU,South,TEC-CO-10001567,Technology,Copiers,"Brother Copy Machine, Laser",524,2,0.0,5.22,52.53,Medium,2011
IN-2012-33288,22-05-2012,25-05-2012,Second Class,Pauline Chand,Home Office,Pahang,Malaysia,APAC,Southeast Asia,OFF-ST-10002714,Office Supplies,Storage,"Eldon Box, Industrial",11,1,0.0,4.38,1.79,High,2012
MX-2014-134768,5/9/2014,9/9/2014,Standard Class,Doug Bickford,Consumer,Duarte,Dominican Republic,LATAM,Caribbean,TEC-CO-10003678,Technology,Copiers,"HP Personal Copier, Color",334,5,0.202,-17.6582,40.48,High,2014
CA-2014-117401,19-05-2014,23-05-2014,Second Class,Paul Prost,Home Office,Missouri,United States,US,Central,TEC-PH-10003555,Technology,Phones,Motorola HK250 Universal Bluetooth Headset,115,5,0.0,2.299,13.85,Medium,2014
CA-2012-9610,5/6/2012,9/6/2012,Standard Class,Nicole Hansen,Corporate,Ontario,Canada,Canada,Canada,OFF-AME-10004759,Office Supplies,Envelopes,"Ames Manila Envelope, with clear poly window",56,2,0.0,24.24,2.24,Medium,2012
IN-2014-29900,14-05-2014,18-05-2014,Standard Class,Suzanne McNair,Corporate,Jawa Tengah,Indonesia,APAC,Southeast Asia,OFF-ST-10003159,Office Supplies,Storage,"Smead Trays, Single Width",121,3,0.17,1.4499,4.58,Medium,2014
ES-2014-1920688,31-05-2014,3/6/2014,Second Class,Todd Boyes,Corporate,England,United Kingdom,EU,North,TEC-AC-10004849,Technology,Accessories,"SanDisk Router, Programmable",774,3,0.0,170.1,75.95,Medium,2014
MX-2012-111976,5/12/2012,6/12/2012,First Class,Anna Andreadi,Consumer,Santo Domingo,Dominican Republic,LATAM,Caribbean,OFF-LA-10001800,Office Supplies,Labels,"Hon Shipping Labels, Laser Printer Compatible",12,2,0.2,-1.992,2.96,High,2012
UP-2012-8260,29-05-2012,3/6/2012,Standard Class,Troy Staebel,Consumer,Dnipropetrovs'k,Ukraine,EMEA,EMEA,OFF-IBI-10004074,Office Supplies,Binders,"Ibico 3-Hole Punch, Clear",30,1,0.0,11.94,1.91,Medium,2012
MX-2013-142678,5/6/2013,12/6/2013,Standard Class,Ruben Ausman,Corporate,Guatemala,Guatemala,LATAM,Central,OFF-PA-10003571,Office Supplies,Paper,"Enermax Cards & Envelopes, Recycled",63,2,0.0,1.24,2.71,Medium,2013
IT-2013-1961543,5/9/2013,11/9/2013,Standard Class,Brian Derr,Consumer,England,United Kingdom,EU,North,OFF-AP-10001266,Office Supplies,Appliances,"Hoover Toaster, Black",249,3,0.0,112.14,20.01,Medium,2013
ES-2013-2700361,5/11/2013,11/11/2013,Standard Class,Arthur Gainer,Consumer,Ile-de-France,France,EU,Central,OFF-ST-10004377,Office Supplies,Storage,"Rogers File Cart, Single Width",382,3,0.1,67.941,35.71,Medium,2013
MX-2012-154088,14-05-2012,19-05-2012,Standard Class,Marc Crier,Consumer,Pará,Brazil,LATAM,South,OFF-PA-10002237,Office Supplies,Paper,"Enermax Memo Slips, 8.5 x 11",66,5,0.0,31.6,4.3,Medium,2012
CA-2011-169061,5/3/2011,8/3/2011,Second Class,Aimee Bixby,Consumer,New York,United States,US,East,OFF-PA-10001878,Office Supplies,Paper,Xerox 1891,98,2,0.0,45.9754,10.13,Medium,2011
MX-2012-134817,25-05-2012,29-05-2012,Standard Class,Benjamin Farhat,Home Office,Morelos,Mexico,LATAM,North,FUR-CH-10001634,Furniture,Chairs,"Novimex Rocking Chair, Adjustable",143,2,0.2,-17.872,5.53,Medium,2012
ID-2012-51677,23-05-2012,27-05-2012,Standard Class,Fred McMath,Consumer,Jawa Timur,Indonesia,APAC,Southeast Asia,OFF-LA-10004919,Office Supplies,Labels,"Smead Color Coded Labels, Alphabetical",14,2,0.47,-4.8978,1.51,High,2012
CA-2014-100748,14-05-2014,21-05-2014,Standard Class,Ross Baird,Home Office,California,United States,US,West,OFF-LA-10000240,Office Supplies,Labels,Self-Adhesive Address Labels for Typewriters by Universal,58,8,0.0,27.4856,5.81,Medium,2014
RO-2011-7220,27-05-2011,2/6/2011,Standard Class,Mitch Gastineau,Corporate,Suceava,Romania,EMEA,EMEA,FUR-TEN-10003349,Furniture,Furnishings,"Tenex Photo Frame, Durable",49,1,0.0,16.59,3.97,Medium,2011
GV-2014-9540,16-05-2014,22-05-2014,Standard Class,Sandra Flanagan,Consumer,Kindia,Guinea,Africa,Africa,OFF-AVE-10002892,Office Supplies,Binders,"Avery 3-Hole Punch, Recycled",169,6,0.0,0.0,11.85,Medium,2014
IN-2013-38685,15-05-2013,19-05-2013,Standard Class,Meg O'Connel,Home Office,Singapore,Singapore,APAC,Southeast Asia,TEC-PH-10000896,Technology,Phones,"Cisco Signal Booster, VoIP","1,215",8,0.0,413.04,178.88,High,2013
SF-2014-5070,5/3/2014,9/3/2014,Standard Class,Peter McVee,Home Office,Western Cape,South Africa,Africa,Africa,TEC-NOK-10001678,Technology,Phones,"Nokia Audio Dock, Cordless",339,2,0.0,67.8,45.86,High,2014
AG-2013-5820,5/11/2013,8/11/2013,First Class,Erin Smith,Corporate,Annaba,Algeria,Africa,Africa,OFF-SME-10004754,Office Supplies,Labels,"Smead Round Labels, Adjustable",19,4,0.0,5.76,1.08,Medium,2013
SF-2013-630,15-05-2013,20-05-2013,Standard Class,Adam Hart,Corporate,Eastern Cape,South Africa,Africa,Africa,TEC-OKI-10000372,Technology,Machines,"Okidata Inkjet, Durable",313,1,0.0,3.12,30.05,Medium,2013
IN-2014-82036,30-05-2014,4/6/2014,Standard Class,Frank Preis,Consumer,New South Wales,Australia,APAC,Oceania,OFF-BI-10000724,Office Supplies,Binders,"Avery Hole Reinforcements, Recycled",10,2,0.0,4.44,0.42,High,2014
IN-2014-58236,21-05-2014,25-05-2014,Standard Class,Maureen Gnade,Consumer,Queensland,Australia,APAC,Oceania,OFF-BI-10000206,Office Supplies,Binders,"Wilson Jones Binder Covers, Economy",30,3,0.1,10.053,2.22,Medium,2014
MX-2013-160997,5/11/2013,11/11/2013,Standard Class,Robert Waldorf,Consumer,Distrito Federal,Mexico,LATAM,North,OFF-LA-10000203,Office Supplies,Labels,"Hon Round Labels, Laser Printer Compatible",9,2,0.0,3.72,0.48,Medium,2013
IN-2014-22137,21-05-2014,27-05-2014,Standard Class,Alan Dominguez,Home Office,Henan,China,APAC,North Asia,OFF-LA-10000244,Office Supplies,Labels,"Hon Legal Exhibit Labels, Alphabetical",64,6,0.0,21.06,1.51,Medium,2014
CA-2012-145485,5/11/2012,5/11/2012,Same Day,Justin MacKendrick,Consumer,California,United States,US,West,OFF-ST-10000649,Office Supplies,Storage,Hanging Personal Folder File,63,4,0.0,15.7,11.68,High,2012
IN-2011-45867,19-05-2011,23-05-2011,Standard Class,Karen Carlisle,Corporate,Australian Capital Territory,Australia,APAC,Oceania,FUR-CH-10004312,Furniture,Chairs,"Hon Bag Chairs, Set of Two",85,3,0.4,-22.77,8.88,High,2011
US-2011-160444,5/7/2011,5/7/2011,Same Day,Dan Campbell,Consumer,Texas,United States,US,Central,OFF-ST-10000563,Office Supplies,Storage,Fellowes Bankers Box Stor/Drawer Steel Plus,281,11,0.2,-35.178,5.28,Medium,2011
CA-2014-109757,5/9/2014,10/9/2014,Second Class,Maribeth Dona,Consumer,Ohio,United States,US,East,OFF-AR-10002335,Office Supplies,Art,DIXON Oriole Pencils,8,4,0.2,0.6192,0.63,Medium,2014
CA-2013-133725,24-05-2013,29-05-2013,Standard Class,Ken Lonsdale,Consumer,Illinois,United States,US,Central,TEC-PH-10004165,Technology,Phones,Mitel MiVoice 5330e IP Phone,"1,980",9,0.2,148.4946,142.89,Medium,2013
MX-2014-163195,27-05-2014,1/6/2014,Second Class,Julia Barnett,Home Office,Santiago,Chile,LATAM,South,OFF-PA-10003224,Office Supplies,Paper,"Eaton Computer Printout Paper, Premium",18,1,0.0,2.64,2.31,High,2014
TZ-2014-5550,5/11/2014,8/11/2014,First Class,Laurel Workman,Corporate,Mwanza,Tanzania,Africa,Africa,OFF-ELI-10003277,Office Supplies,Supplies,"Elite Letter Opener, High Speed",27,1,0.0,11.19,6.55,Critical,2014
US-2011-144078,21-05-2011,24-05-2011,First Class,Eugene Moren,Home Office,Zulia,Venezuela,LATAM,South,OFF-AP-10003588,Office Supplies,Appliances,"Hoover Refrigerator, Silver","1,054",5,0.4,-316.28,45.24,Medium,2011
ES-2014-1398657,5/9/2014,11/9/2014,Standard Class,Cynthia Voltz,Corporate,Baden-Württemberg,Germany,EU,Central,OFF-FA-10000189,Office Supplies,Fasteners,"OIC Paper Clips, 12 Pack",97,7,0.0,23.1,10.38,Low,2014
EG-2013-4530,5/2/2013,7/2/2013,Second Class,Michelle Tran,Home Office,Suhaj,Egypt,Africa,Africa,FUR-SAU-10004653,Furniture,Bookcases,"Sauder Classic Bookcase, Traditional","2,616",6,0.0,1072.44,384.41,Critical,2013
AO-2011-9910,5/12/2011,12/12/2011,Standard Class,Roy Phan,Corporate,Luanda,Angola,Africa,Africa,OFF-HAR-10002083,Office Supplies,Labels,"Harbour Creations Round Labels, 5000 Label Set",29,4,0.0,11.04,2.19,Medium,2011
IN-2014-74805,14-05-2014,16-05-2014,Second Class,Steven Roelle,Home Office,Inner Mongolia,China,APAC,North Asia,OFF-FA-10001184,Office Supplies,Fasteners,"Stockwell Staples, Assorted Sizes",17,2,0.0,0.78,3.72,High,2014
ES-2013-5113556,24-05-2013,30-05-2013,Standard Class,Nathan Gelder,Consumer,England,United Kingdom,EU,North,OFF-ST-10002555,Office Supplies,Storage,"Eldon Lockers, Industrial",397,2,0.0,194.4,40.72,Low,2013
IT-2013-1109084,5/11/2013,10/11/2013,Standard Class,Cindy Chapman,Consumer,Ile-de-France,France,EU,Central,OFF-ST-10003785,Office Supplies,Storage,"Eldon Lockers, Blue",534,3,0.1,-0.063,30.27,Medium,2013
CG-2013-2860,17-05-2013,22-05-2013,Second Class,Anemone Ratner,Consumer,Maniema,Democratic Republic of the Congo,Africa,Africa,OFF-BIC-10002440,Office Supplies,Art,"BIC Sketch Pad, Blue",49,1,0.0,8.73,5.9,Medium,2013
CA-2011-151001,5/4/2011,7/4/2011,First Class,John Grady,Corporate,Illinois,United States,US,Central,OFF-ST-10001031,Office Supplies,Storage,Adjustable Personal File Tote,52,4,0.2,3.9072,8.42,Medium,2011
IN-2011-30292,13-05-2011,17-05-2011,Standard Class,Noah Childs,Corporate,Dhaka,Bangladesh,APAC,Central Asia,TEC-AC-10000866,Technology,Accessories,"Belkin Router, Erganomic","3,079",12,0.0,523.08,474.44,High,2011
ES-2012-5566593,5/3/2012,9/3/2012,Second Class,Jill Fjeld,Consumer,Ile-de-France,France,EU,Central,FUR-CH-10002585,Furniture,Chairs,"Harbour Creations Executive Leather Armchair, Black",852,2,0.1,179.958,38.45,Medium,2012
LY-2014-6400,21-05-2014,25-05-2014,Standard Class,Maribeth Schnelling,Consumer,Banghazi,Libya,Africa,Africa,OFF-STA-10003908,Office Supplies,Art,"Stanley Highlighters, Blue",15,1,0.0,2.94,0.14,Medium,2014
RW-2012-600,18-05-2012,23-05-2012,Standard Class,Evan Henry,Consumer,Kigali,Rwanda,Africa,Africa,OFF-STO-10003082,Office Supplies,Fasteners,"Stockwell Staples, Assorted Sizes",17,2,0.0,7.08,1.39,Medium,2012
UP-2014-3650,14-05-2014,20-05-2014,Standard Class,Justin Deggeller,Corporate,Vinnytsya,Ukraine,EMEA,EMEA,FUR-TEN-10003552,Furniture,Furnishings,"Tenex Clock, Durable",189,4,0.0,83.16,11.12,Medium,2014
MX-2013-134180,5/6/2013,12/6/2013,Standard Class,Frank Merwin,Home Office,Las Tunas,Cuba,LATAM,Caribbean,OFF-SU-10003966,Office Supplies,Supplies,"Kleencut Trimmer, Serrated",25,1,0.0,9.4,0.92,Medium,2013
TU-2013-3550,17-05-2013,21-05-2013,Standard Class,Duane Noonan,Consumer,Eskisehir,Turkey,EMEA,EMEA,OFF-ELD-10003038,Office Supplies,Storage,"Eldon Shelving, Blue",77,4,0.6,-64.008,5.22,Medium,2013
IN-2011-26967,5/9/2011,10/9/2011,Standard Class,Ben Wallace,Consumer,Jawa Barat,Indonesia,APAC,Southeast Asia,TEC-MA-10001811,Technology,Machines,"Okidata Card Printer, Durable",876,6,0.17,-137.349,8.6,Medium,2011
CA-2013-111913,5/8/2013,7/8/2013,Second Class,Linda Cazamias,Corporate,California,United States,US,West,TEC-PH-10002275,Technology,Phones,Mitel 5320 IP Phone VoIP phone,302,2,0.2,30.2384,0.06,Medium,2013
CA-2012-166604,15-05-2012,20-05-2012,Second Class,Anna Häberlin,Corporate,Georgia,United States,US,South,OFF-EN-10004147,Office Supplies,Envelopes,Wausau Papers Astrobrights Colored Envelopes,18,3,0.0,8.7906,2.43,High,2012
CA-2011-127166,21-05-2011,23-05-2011,Second Class,Katherine Hughes,Consumer,Texas,United States,US,Central,OFF-BI-10000977,Office Supplies,Binders,Ibico Plastic Spiral Binding Combs,18,3,0.8,-31.008,4.52,Critical,2011
CA-2013-149783,5/9/2013,8/9/2013,Second Class,Delfina Latchford,Consumer,Tennessee,United States,US,South,OFF-AR-10002987,Office Supplies,Art,Prismacolor Color Pencil Set,32,2,0.2,8.3328,6.98,Critical,2013
ML-2014-720,5/12/2014,9/12/2014,Standard Class,Annie Zypern,Consumer,Bamako,Mali,Africa,Africa,OFF-FEL-10001343,Office Supplies,Storage,"Fellowes Box, Wire Frame",19,1,0.0,8.61,2.48,High,2014
IN-2013-76681,25-05-2013,29-05-2013,Standard Class,Joe Elijah,Consumer,Riau,Indonesia,APAC,Southeast Asia,OFF-LA-10000784,Office Supplies,Labels,"Harbour Creations File Folder Labels, 5000 Label Set",15,3,0.47,0.8208,1.21,Medium,2013
ES-2012-2268105,5/1/2012,11/1/2012,Standard Class,David Philippe,Consumer,Lazio,Italy,EU,South,TEC-PH-10004601,Technology,Phones,"Nokia Audio Dock, with Caller ID",200,2,0.4,-83.412,11.02,Medium,2012
IN-2014-72747,5/2/2014,8/2/2014,Second Class,Scot Coram,Corporate,Henan,China,APAC,North Asia,TEC-CO-10004605,Technology,Copiers,"HP Copy Machine, Color","1,716",7,0.0,840.63,13.53,Medium,2014
CA-2012-132941,25-05-2012,28-05-2012,First Class,Muhammed MacIntyre,Corporate,Texas,United States,US,Central,OFF-PA-10002160,Office Supplies,Paper,Xerox 1978,32,7,0.2,11.7334,9.69,High,2012
MX-2013-121405,16-05-2013,20-05-2013,Standard Class,Dennis Kane,Consumer,Oruro,Bolivia,LATAM,South,OFF-PA-10002219,Office Supplies,Paper,"SanDisk Parchment Paper, Multicolor",85,7,0.0,40.46,8.66,High,2013
IN-2012-66342,30-05-2012,31-05-2012,First Class,Sheri Gordon,Consumer,Madhya Pradesh,India,APAC,Central Asia,TEC-AC-10000642,Technology,Accessories,"Logitech Flash Drive, Bluetooth",31,1,0.0,11.88,2.39,Critical,2012
ID-2013-77248,15-05-2013,20-05-2013,Standard Class,Eudokia Martin,Corporate,Ho Chí Minh City,Vietnam,APAC,Southeast Asia,FUR-FU-10004797,Furniture,Furnishings,"Tenex Stacking Tray, Erganomic",49,3,0.27,-6.6906,3.65,Medium,2013
MX-2012-145653,16-05-2012,21-05-2012,Second Class,Noel Staavos,Corporate,Managua,Nicaragua,LATAM,Central,OFF-PA-10004600,Office Supplies,Paper,"Xerox Cards & Envelopes, Premium",60,2,0.0,20.36,8.52,Medium,2012
SA-2014-8450,15-05-2014,19-05-2014,Second Class,Eva Jacobs,Consumer,Makkah,Saudi Arabia,EMEA,EMEA,FUR-NOV-10000847,Furniture,Chairs,"Novimex Executive Leather Armchair, Adjustable",456,1,0.0,59.19,55.22,High,2014
ES-2013-3508441,15-05-2013,20-05-2013,Standard Class,Cynthia Arntzen,Consumer,Rhône-Alpes,France,EU,Central,OFF-AP-10000806,Office Supplies,Appliances,"KitchenAid Coffee Grinder, Silver",256,4,0.1,31.272,16.9,Medium,2013
GH-2014-2090,16-05-2014,23-05-2014,Standard Class,Melanie Seite,Consumer,Greater Accra,Ghana,Africa,Africa,OFF-STI-10003234,Office Supplies,Supplies,"Stiletto Trimmer, Steel",84,2,0.0,28.62,3.57,Medium,2014
MX-2013-123015,5/6/2013,5/6/2013,Same Day,Max Ludwig,Home Office,Managua,Nicaragua,LATAM,Central,OFF-AR-10002486,Office Supplies,Art,"Sanford Pencil Sharpener, Water Color",39,2,0.0,11.2,6.9,Critical,2013
ES-2013-2757712,16-05-2013,20-05-2013,Second Class,Erin Mull,Consumer,Bremen,Germany,EU,Central,TEC-PH-10002759,Technology,Phones,"Cisco Smart Phone, Cordless","2,606",4,0.0,1042.32,326.05,High,2013
CA-2013-122728,19-05-2013,25-05-2013,Standard Class,Eric Barreto,Consumer,California,United States,US,West,OFF-PA-10004040,Office Supplies,Paper,Universal Premium White Copier/Laser Paper (20Lb. and 87 Bright),18,3,0.0,8.7906,2.22,Medium,2013
ID-2014-51803,31-05-2014,2/6/2014,First Class,Adam Bellavance,Home Office,Jakarta,Indonesia,APAC,Southeast Asia,OFF-FA-10004659,Office Supplies,Fasteners,"Stockwell Thumb Tacks, 12 Pack",27,4,0.47,-7.8048,5.28,High,2014
RS-2011-1890,18-05-2011,25-05-2011,Standard Class,Ed Braxton,Corporate,Belgorod,Russia,EMEA,EMEA,FUR-HAR-10000441,Furniture,Chairs,"Harbour Creations Rocking Chair, Adjustable",150,1,0.0,47.85,7.57,Medium,2011
CA-2012-144386,5/11/2012,11/11/2012,Standard Class,Grant Thornton,Corporate,New York,United States,US,East,OFF-BI-10001116,Office Supplies,Binders,"Wilson Jones 1"" Hanging DublLock Ring Binders",25,6,0.2,8.8704,2.65,Low,2012
MX-2011-147718,20-05-2011,27-05-2011,Standard Class,Ed Braxton,Corporate,San Salvador,El Salvador,LATAM,Central,OFF-SU-10002466,Office Supplies,Supplies,"Elite Shears, Easy Grip",130,4,0.0,18.08,15.37,Low,2011
MX-2012-153780,26-05-2012,1/6/2012,Standard Class,Giulietta Weimer,Consumer,Sonsonate,El Salvador,LATAM,Central,OFF-FA-10004258,Office Supplies,Fasteners,"OIC Thumb Tacks, Bulk Pack",47,5,0.0,20.1,2.67,Low,2012
MX-2013-131387,14-05-2013,18-05-2013,Standard Class,Craig Carreira,Consumer,Managua,Nicaragua,LATAM,Central,OFF-PA-10004854,Office Supplies,Paper,"Green Bar Cards & Envelopes, Recycled",64,2,0.0,12.2,10.13,High,2013
US-2012-103814,5/11/2012,11/11/2012,Standard Class,Harold Dahlen,Home Office,Panama,Panama,LATAM,Central,OFF-AP-10002625,Office Supplies,Appliances,"Cuisinart Microwave, Black",111,1,0.4,-40.764,6.94,Medium,2012
ID-2013-52370,29-05-2013,2/6/2013,Standard Class,Jim Radford,Consumer,Jakarta,Indonesia,APAC,Southeast Asia,FUR-CH-10002573,Furniture,Chairs,"Office Star Executive Leather Armchair, Adjustable","1,697",5,0.27,-232.5,103.96,Medium,2013
US-2011-119935,13-06-2011,17-06-2011,Standard Class,Kean Takahito,Consumer,Panama,Panama,LATAM,Central,FUR-FU-10000499,Furniture,Furnishings,"Tenex Light Bulb, Duo Pack",23,3,0.4,-0.792,1.36,Medium,2011
ES-2011-2464932,6/6/2011,9/6/2011,First Class,Bill Stewart,Corporate,Rhône-Alpes,France,EU,Central,OFF-FA-10001892,Office Supplies,Fasteners,"Advantus Clamps, Metal",58,3,0.0,26.73,16.6,High,2011
CA-2013-100300,25-06-2013,27-06-2013,Second Class,Max Jones,Consumer,California,United States,US,West,OFF-PA-10000418,Office Supplies,Paper,Xerox 189,105,1,0.0,50.328,12.47,High,2013
ID-2014-39441,27-06-2014,30-06-2014,Second Class,Angele Hood,Consumer,Kalimantan Timur,Indonesia,APAC,Southeast Asia,FUR-FU-10004995,Furniture,Furnishings,"Deflect-O Light Bulb, Durable",23,2,0.27,-1.9308,2.96,Medium,2014
ID-2013-48555,20-06-2013,25-06-2013,Second Class,Dan Lawera,Consumer,Western Visayas,Philippines,APAC,Southeast Asia,OFF-LA-10002107,Office Supplies,Labels,"Harbour Creations Removable Labels, Laser Printer Compatible",17,3,0.45,-4.0095,0.51,Medium,2013
CA-2012-122287,18-06-2012,23-06-2012,Standard Class,Skye Norling,Home Office,Arizona,United States,US,West,OFF-BI-10003707,Office Supplies,Binders,Aluminum Screw Posts,9,2,0.7,-6.104,0.77,Medium,2012
CA-2011-110030,6/12/2011,8/12/2011,Second Class,Luke Foster,Consumer,Texas,United States,US,Central,FUR-FU-10002759,Furniture,Furnishings,12-1/2 Diameter Round Wall Clock,24,3,0.6,-14.3856,4.26,High,2011
MX-2012-134712,27-06-2012,2/7/2012,Second Class,Maribeth Schnelling,Consumer,San Salvador,El Salvador,LATAM,Central,TEC-MA-10003366,Technology,Machines,"Epson Card Printer, White",449,4,0.0,26.88,39.83,Medium,2012
KZ-2011-4170,18-06-2011,20-06-2011,First Class,David Flashing,Consumer,Almaty,Kazakhstan,EMEA,EMEA,TEC-CAN-10002802,Technology,Copiers,"Canon Personal Copier, Digital",85,2,0.7,-185.112,14.04,High,2011
MX-2014-104304,6/11/2014,11/11/2014,Standard Class,Michael Grace,Home Office,Jalisco,Mexico,LATAM,North,OFF-EN-10001751,Office Supplies,Envelopes,"GlobeWeis Mailers, Set of 50",77,3,0.0,20.04,1.81,Medium,2014
TU-2013-1610,13-06-2013,17-06-2013,Second Class,Joni Sundaresam,Home Office,Kars,Turkey,EMEA,EMEA,OFF-AVE-10000432,Office Supplies,Binders,"Avery Index Tab, Clear",5,2,0.6,-3.828,0.99,High,2013
IN-2014-77689,28-06-2014,29-06-2014,First Class,Sample Company A,Home Office,West Bengal,India,APAC,Central Asia,FUR-FU-10001557,Furniture,Furnishings,"Advantus Clock, Duo Pack",206,4,0.0,30.84,72.37,Critical,2014
MX-2014-122567,24-06-2014,27-06-2014,Second Class,Seth Vernon,Consumer,México,Mexico,LATAM,North,OFF-SU-10003892,Office Supplies,Supplies,"Acme Box Cutter, High Speed",25,1,0.0,12.6,1.38,Medium,2014
EN-2014-1040,19-06-2014,23-06-2014,Standard Class,Matt Connell,Corporate,Harjumaa,Estonia,EMEA,EMEA,FUR-RUB-10003699,Furniture,Furnishings,"Rubbermaid Light Bulb, Duo Pack",38,2,0.0,6.0,3.95,Medium,2014
ID-2014-11098,20-06-2014,25-06-2014,Standard Class,Neil Ducich,Corporate,Western Australia,Australia,APAC,Oceania,FUR-FU-10003447,Furniture,Furnishings,"Eldon Light Bulb, Duo Pack",45,2,0.1,15.108,2.94,Medium,2014
EG-2012-40,6/3/2012,11/3/2012,Standard Class,Matthew Clasen,Corporate,Al Qahirah,Egypt,Africa,Africa,OFF-XER-10000641,Office Supplies,Paper,"Xerox Cards & Envelopes, Recycled",45,1,0.0,14.34,6.07,High,2012
PL-2011-7410,14-06-2011,20-06-2011,Standard Class,Keith Dawkins,Corporate,Lodz,Poland,EMEA,EMEA,OFF-NOV-10003578,Office Supplies,Labels,"Novimex Color Coded Labels, Laser Printer Compatible",12,1,0.0,2.97,0.54,Medium,2011
CA-2014-126865,6/12/2014,8/12/2014,Second Class,Naresj Patel,Consumer,California,United States,US,West,OFF-PA-10003039,Office Supplies,Paper,Xerox 1960,93,3,0.0,41.823,18.58,Critical,2014
MX-2014-153192,16-06-2014,21-06-2014,Standard Class,Dorothy Badders,Corporate,São Paulo,Brazil,LATAM,South,OFF-FA-10001761,Office Supplies,Fasteners,"OIC Thumb Tacks, Metal",19,2,0.0,4.72,1.1,Medium,2014
ES-2014-1960568,25-06-2014,30-06-2014,Standard Class,Mike Kennedy,Consumer,Ile-de-France,France,EU,Central,TEC-PH-10001070,Technology,Phones,"Samsung Headset, VoIP",125,2,0.15,39.573,10.01,Medium,2014
ES-2013-2993189,18-06-2013,23-06-2013,Standard Class,Sanjit Engle,Consumer,Poitou-Charentes,France,EU,Central,TEC-MA-10003078,Technology,Machines,"Epson Printer, White","1,331",6,0.15,-172.287,100.17,Medium,2013
US-2013-152373,6/9/2013,12/9/2013,Standard Class,Pete Takahito,Consumer,Texas,United States,US,Central,OFF-ST-10003479,Office Supplies,Storage,"Eldon Base for stackable storage shelf, platinum",93,3,0.2,-17.523,9.13,Medium,2013
IN-2014-55086,14-06-2014,18-06-2014,Standard Class,Jeremy Ellison,Consumer,Guangxi,China,APAC,North Asia,OFF-FA-10004027,Office Supplies,Fasteners,"OIC Staples, Bulk Pack",45,4,0.0,2.16,5.55,High,2014
CA-2011-146640,30-06-2011,5/7/2011,Standard Class,Helen Abelman,Consumer,New York,United States,US,East,OFF-BI-10002867,Office Supplies,Binders,GBC Recycled Regency Composition Covers,335,7,0.2,108.7996,25.42,Medium,2011
IN-2014-41163,24-06-2014,30-06-2014,Standard Class,Joni Blumstein,Consumer,Yunnan,China,APAC,North Asia,OFF-EN-10004503,Office Supplies,Envelopes,"GlobeWeis Peel and Seal, Security-Tint",71,3,0.0,27.09,7.09,Medium,2014
BU-2012-7140,20-06-2012,25-06-2012,Standard Class,Raymond Messe,Consumer,Vratsa,Bulgaria,EMEA,EMEA,OFF-SME-10001652,Office Supplies,Storage,"Smead Trays, Wire Frame",48,1,0.0,6.18,3.29,Medium,2012
KE-2014-3820,28-06-2014,30-06-2014,Second Class,Liz Willingham,Consumer,Coast,Kenya,Africa,Africa,OFF-IBI-10000080,Office Supplies,Binders,"Ibico Binder, Recycled",16,1,0.0,1.26,5.2,Critical,2014
ID-2012-45363,29-06-2012,6/7/2012,Standard Class,John Grady,Corporate,National Capital,Philippines,APAC,Southeast Asia,OFF-FA-10002481,Office Supplies,Fasteners,"OIC Rubber Bands, 12 Pack",9,1,0.45,-6.945,0.44,Medium,2012
ID-2013-29151,6/2/2013,10/2/2013,Standard Class,Eric Barreto,Consumer,Queensland,Australia,APAC,Oceania,TEC-AC-10001352,Technology,Accessories,"SanDisk Numeric Keypad, Bluetooth",199,4,0.1,2.1,25.54,High,2013
MX-2011-166331,24-06-2011,29-06-2011,Second Class,MaryBeth Skach,Consumer,Lima (city),Peru,LATAM,South,OFF-LA-10003337,Office Supplies,Labels,"Harbour Creations Removable Labels, Adjustable",9,2,0.4,-3.008,0.64,Medium,2011
MX-2014-142048,6/6/2014,6/6/2014,Same Day,Arianne Irving,Consumer,San Salvador,El Salvador,LATAM,Central,OFF-BI-10004145,Office Supplies,Binders,"Wilson Jones Hole Reinforcements, Economy",6,2,0.0,2.44,1.02,High,2014
IN-2013-58873,6/8/2013,10/8/2013,Standard Class,Keith Herrera,Consumer,Punjab,India,APAC,Central Asia,OFF-SU-10002448,Office Supplies,Supplies,"Stiletto Trimmer, High Speed",171,4,0.0,32.4,13.54,Medium,2013
EG-2012-6420,26-06-2012,30-06-2012,Standard Class,Maurice Satty,Consumer,Al Qahirah,Egypt,Africa,Africa,OFF-SAN-10001295,Office Supplies,Art,"Sanford Pencil Sharpener, Water Color",116,4,0.0,12.72,2.17,High,2012
IN-2012-72229,27-06-2012,2/7/2012,Second Class,Dario Medina,Corporate,South Australia,Australia,APAC,Oceania,TEC-PH-10000499,Technology,Phones,"Motorola Smart Phone, Full Size",578,1,0.1,32.121,73.32,Medium,2012
ES-2014-1779830,6/11/2014,11/11/2014,Standard Class,Noah Childs,Corporate,Lazio,Italy,EU,South,OFF-EN-10004150,Office Supplies,Envelopes,"GlobeWeis Business Envelopes, Recycled",81,5,0.0,35.4,3.9,Medium,2014
IN-2013-53609,25-06-2013,30-06-2013,Standard Class,Eugene Hildebrand,Home Office,Ho Chí Minh City,Vietnam,APAC,Southeast Asia,FUR-CH-10000258,Furniture,Chairs,"Office Star Steel Folding Chair, Red",134,2,0.27,-38.5434,3.05,Medium,2013
TU-2014-4980,25-06-2014,27-06-2014,Second Class,Noel Staavos,Corporate,Van,Turkey,EMEA,EMEA,OFF-SAN-10001862,Office Supplies,Art,"Sanford Highlighters, Easy-Erase",6,1,0.6,-8.982,0.78,High,2014
MX-2014-110961,24-06-2014,27-06-2014,Second Class,Bobby Elias,Consumer,Miranda,Venezuela,LATAM,South,TEC-CO-10004521,Technology,Copiers,"HP Personal Copier, Laser",248,5,0.402,15.6514,21.67,Critical,2014
ES-2014-1393638,27-06-2014,28-06-2014,First Class,Duane Huffman,Home Office,England,United Kingdom,EU,North,FUR-BO-10000259,Furniture,Bookcases,"Safco Classic Bookcase, Traditional","1,314",3,0.0,341.73,277.29,Medium,2014
IT-2014-5285883,6/12/2014,12/12/2014,Standard Class,Phillip Breyer,Corporate,North Brabant,Netherlands,EU,Central,OFF-LA-10003283,Office Supplies,Labels,"Hon File Folder Labels, 5000 Label Set",41,9,0.5,-0.135,1.38,Medium,2014
ES-2014-1879715,29-06-2014,3/7/2014,Standard Class,Joseph Airdo,Consumer,England,United Kingdom,EU,North,TEC-PH-10004992,Technology,Phones,"Apple Office Telephone, Full Size",67,1,0.0,29.28,0.19,Medium,2014
ID-2013-83226,18-06-2013,24-06-2013,Standard Class,Katrina Bavinger,Home Office,Auckland,New Zealand,APAC,Oceania,OFF-AR-10002517,Office Supplies,Art,"BIC Highlighters, Blue",23,2,0.4,3.756,1.75,Medium,2013
CA-2013-149965,21-06-2013,26-06-2013,Standard Class,Bill Shonely,Corporate,Oklahoma,United States,US,Central,TEC-AC-10004877,Technology,Accessories,Imation 30456 USB Flash Drive 8GB,7,1,0.0,0.552,0.42,High,2013
MX-2013-119970,25-06-2013,1/7/2013,Standard Class,Mitch Webber,Consumer,Distrito Federal,Mexico,LATAM,North,OFF-ST-10000990,Office Supplies,Storage,"Eldon Lockers, Single Width",264,2,0.0,5.24,16.44,Medium,2013
TU-2013-3080,14-06-2013,14-06-2013,Same Day,Ross DeVincentis,Home Office,Istanbul,Turkey,EMEA,EMEA,TEC-OKI-10003770,Technology,Machines,"Okidata Receipt Printer, Durable",49,1,0.6,-68.898,0.65,Medium,2013
EG-2013-1620,6/2/2013,10/2/2013,Standard Class,Frank Preis,Consumer,Al Iskandariyah,Egypt,Africa,Africa,OFF-IBI-10004855,Office Supplies,Binders,"Ibico Hole Reinforcements, Recycled",15,2,0.0,4.5,1.7,High,2013
IN-2013-62093,6/4/2013,10/4/2013,Second Class,Barry Gonzalez,Consumer,New South Wales,Australia,APAC,Oceania,FUR-CH-10000432,Furniture,Chairs,"Harbour Creations Swivel Stool, Adjustable",657,4,0.1,-29.244,77.94,High,2013
IT-2011-4752666,18-06-2011,20-06-2011,Second Class,Randy Bradley,Consumer,Navarra,Spain,EU,South,OFF-ST-10000300,Office Supplies,Storage,"Eldon Folders, Wire Frame",29,2,0.1,-0.03,2.4,High,2011
IN-2013-39231,19-06-2013,24-06-2013,Second Class,Ken Black,Corporate,Tasmania,Australia,APAC,Oceania,OFF-EN-10004181,Office Supplies,Envelopes,"GlobeWeis Business Envelopes, Recycled",44,3,0.1,11.088,1.92,Medium,2013
ID-2014-75533,17-06-2014,22-06-2014,Standard Class,Susan Vittorini,Consumer,Queensland,Australia,APAC,Oceania,TEC-CO-10001410,Technology,Copiers,"Canon Personal Copier, High-Speed",381,3,0.1,-29.682,36.97,High,2014
BO-2014-2490,6/8/2014,10/8/2014,Standard Class,Vivek Gonzalez,Consumer,Homyel',Belarus,EMEA,EMEA,OFF-AME-10002557,Office Supplies,Envelopes,"Ames Business Envelopes, Recycled",34,2,0.0,8.52,2.03,Medium,2014
MX-2012-153612,26-06-2012,30-06-2012,Standard Class,Joel Jenkins,Home Office,Guanajuato,Mexico,LATAM,North,OFF-BI-10003653,Office Supplies,Binders,"Avery 3-Hole Punch, Durable",39,2,0.0,10.96,3.03,High,2012
US-2012-163825,16-06-2012,19-06-2012,First Class,Lena Creighton,Consumer,New York,United States,US,East,OFF-BI-10003527,Office Supplies,Binders,Fellowes PB500 Electric Punch Plastic Comb Binding Machine with Manual Bind,"3,050",3,0.2,1143.891,632.05,High,2012
IN-2013-34583,24-06-2013,30-06-2013,Standard Class,Denise Leinenbach,Consumer,New South Wales,Australia,APAC,Oceania,OFF-LA-10004488,Office Supplies,Labels,"Novimex Color Coded Labels, Adjustable",28,3,0.1,1.224,1.65,Medium,2013
CA-2011-130624,21-06-2011,24-06-2011,First Class,Toby Braunhardt,Consumer,New York,United States,US,East,OFF-AP-10001303,Office Supplies,Appliances,"Holmes Cool Mist Humidifier for the Whole House with 8-Gallon Output per Day, Extended Life Filter",60,3,0.0,26.865,3.07,High,2011
US-2013-165078,6/11/2013,11/11/2013,Standard Class,Michelle Arnett,Home Office,Indiana,United States,US,Central,OFF-LA-10000414,Office Supplies,Labels,Avery 503,52,5,0.0,24.84,4.47,High,2013
GV-2013-5210,17-06-2013,19-06-2013,First Class,Jim Mitchum,Corporate,Nzérékoré,Guinea,Africa,Africa,OFF-HOO-10001881,Office Supplies,Appliances,"Hoover Stove, White",567,1,0.0,28.32,124.25,High,2013
ID-2013-75372,28-06-2013,30-06-2013,Second Class,Sean Christensen,Consumer,Yangon,Myanmar (Burma),APAC,Southeast Asia,FUR-FU-10000944,Furniture,Furnishings,"Tenex Door Stop, Black",192,6,0.27,-52.7418,19.23,Critical,2013
TU-2011-6800,6/2/2011,10/2/2011,Second Class,Justin MacKendrick,Consumer,Aydin,Turkey,EMEA,EMEA,OFF-SME-10002467,Office Supplies,Labels,"Smead Round Labels, Alphabetical",3,1,0.6,-2.352,0.23,Medium,2011
IZ-2012-6910,30-06-2012,6/7/2012,Standard Class,Lena Cacioppo,Consumer,Arbil,Iraq,EMEA,EMEA,OFF-HAM-10002778,Office Supplies,Appliances,"Hamilton Beach Microwave, Black",282,1,0.0,28.17,23.62,Medium,2012
CA-2013-160500,6/5/2013,9/5/2013,First Class,Darrin Martin,Consumer,California,United States,US,West,FUR-TA-10003748,Furniture,Tables,Bevis 36 x 72 Conference Tables,299,3,0.2,7.4694,25.78,High,2013
IN-2014-62849,6/11/2014,11/11/2014,Standard Class,Georgia Rosenberg,Corporate,Shaanxi,China,APAC,North Asia,TEC-PH-10003556,Technology,Phones,"Samsung Speaker Phone, VoIP",370,3,0.0,129.42,20.62,Medium,2014
ID-2014-29081,17-06-2014,22-06-2014,Standard Class,Erica Smith,Consumer,Jawa Barat,Indonesia,APAC,Southeast Asia,OFF-EN-10001154,Office Supplies,Envelopes,"Kraft Clasp Envelope, Set of 50",19,4,0.47,-16.2,1.32,Medium,2014
CA-2013-144092,6/11/2013,8/11/2013,Second Class,Logan Haushalter,Consumer,California,United States,US,West,FUR-CH-10004875,Furniture,Chairs,Harbour Creations 67200 Series Stacking Chairs,114,2,0.2,9.9652,11.83,High,2013
CA-2011-154963,22-06-2011,27-06-2011,Standard Class,Anna Andreadi,Consumer,Pennsylvania,United States,US,East,FUR-CH-10004698,Furniture,Chairs,"Padded Folding Chairs, Black, 4/Carton",170,3,0.3,-4.8588,19.06,High,2011
CM-2011-1770,20-06-2011,20-06-2011,Same Day,Clay Ludtke,Consumer,Centre,Cameroon,Africa,Africa,FUR-DEF-10004141,Furniture,Furnishings,"Deflect-O Photo Frame, Durable",196,4,0.0,27.36,26.73,Critical,2011
MX-2014-166086,24-06-2014,28-06-2014,Standard Class,Alice McCarthy,Corporate,Santiago,Chile,LATAM,South,OFF-LA-10000448,Office Supplies,Labels,"Hon File Folder Labels, Alphabetical",39,7,0.0,8.68,2.74,Medium,2014
US-2012-113649,25-06-2012,28-06-2012,First Class,Pete Armstrong,Home Office,Cortés,Honduras,LATAM,Central,OFF-ST-10004532,Office Supplies,Storage,"Tenex File Cart, Single Width",161,3,0.4,-18.828,24.55,High,2012
TU-2013-3210,28-06-2013,30-06-2013,First Class,Ken Lonsdale,Consumer,Ankara,Turkey,EMEA,EMEA,OFF-ROG-10001399,Office Supplies,Storage,"Rogers Shelving, Single Width",50,2,0.6,-64.692,14.26,High,2013
ES-2012-3241112,28-06-2012,3/7/2012,Standard Class,Adrian Hane,Home Office,England,United Kingdom,EU,North,FUR-CH-10000685,Furniture,Chairs,"Hon Executive Leather Armchair, Black",823,2,0.1,246.852,92.78,Medium,2012
MO-2011-9460,6/4/2011,12/4/2011,Standard Class,Amy Hunt,Consumer,Marrakech-Tensift-El Haouz,Morocco,Africa,Africa,FUR-OFF-10001798,Furniture,Chairs,"Office Star Steel Folding Chair, Red",92,1,0.0,10.98,6.15,Medium,2011
IN-2013-49297,13-06-2013,17-06-2013,Standard Class,Toby Gnade,Consumer,Ibaraki,Japan,APAC,North Asia,FUR-CH-10000432,Furniture,Chairs,"Harbour Creations Swivel Stool, Adjustable",365,2,0.0,21.9,13.75,Medium,2013
MX-2012-113817,6/4/2012,7/4/2012,First Class,Deanra Eno,Home Office,Guatemala,Guatemala,LATAM,Central,TEC-PH-10002647,Technology,Phones,"Nokia Headset, VoIP",244,5,0.0,56.1,26.92,High,2012
CA-2012-115945,25-06-2012,1/7/2012,Standard Class,Alan Barnes,Consumer,California,United States,US,West,OFF-BI-10004330,Office Supplies,Binders,"GBC Velobind Prepunched Cover Sets, Regency Series",89,3,0.2,27.735,4.77,Medium,2012
BO-2012-5160,6/9/2012,8/9/2012,First Class,Charles Sheldon,Corporate,Hrodna,Belarus,EMEA,EMEA,FUR-IKE-10001301,Furniture,Bookcases,"Ikea Stackable Bookrack, Pine","1,487",12,0.0,743.4,36.66,High,2012
SF-2014-2410,16-06-2014,19-06-2014,Second Class,Cyma Kinney,Corporate,Gauteng,South Africa,Africa,Africa,TEC-EPS-10000774,Technology,Machines,"Epson Phone, Red",78,1,0.0,11.7,9.47,Medium,2014
MX-2014-122021,13-06-2014,18-06-2014,Second Class,Rob Haberlin,Consumer,Misiones,Argentina,LATAM,South,FUR-CH-10000105,Furniture,Chairs,"Novimex Bag Chairs, Black",17,1,0.4,1.152,2.77,Medium,2014
CG-2013-1870,6/9/2013,6/9/2013,Same Day,Harold Dahlen,Home Office,Katanga,Democratic Republic of the Congo,Africa,Africa,OFF-IBI-10000080,Office Supplies,Binders,"Ibico Binder, Recycled",16,1,0.0,1.26,2.83,Medium,2013
ES-2014-1666831,6/8/2014,12/8/2014,Standard Class,Phillip Breyer,Corporate,England,United Kingdom,EU,North,TEC-AC-10000815,Technology,Accessories,"Enermax Flash Drive, Erganomic",39,1,0.0,17.28,4.18,Medium,2014
ES-2013-1217902,6/9/2013,10/9/2013,Standard Class,Alan Barnes,Consumer,England,United Kingdom,EU,North,TEC-AC-10004997,Technology,Accessories,"Belkin Memory Card, Bluetooth",459,4,0.0,100.92,50.57,High,2013
US-2011-165316,18-06-2011,23-06-2011,Second Class,Lori Olson,Corporate,Jalisco,Mexico,LATAM,North,OFF-LA-10004947,Office Supplies,Labels,"Hon Shipping Labels, 5000 Label Set",16,2,0.0,6.56,2.79,High,2011
IN-2014-16852,18-06-2014,21-06-2014,First Class,Giulietta Weimer,Consumer,Tamil Nadu,India,APAC,Central Asia,TEC-AC-10002533,Technology,Accessories,"Enermax Memory Card, USB",458,4,0.0,73.32,87.4,High,2014
ES-2013-1680695,6/9/2013,10/9/2013,Standard Class,Art Ferguson,Consumer,Andalusía,Spain,EU,South,OFF-ST-10002172,Office Supplies,Storage,"Fellowes Trays, Blue",103,2,0.1,-3.498,15.85,High,2013
MX-2011-144827,29-07-2011,31-07-2011,Second Class,Giulietta Dortch,Corporate,Distrito Federal,Mexico,LATAM,North,OFF-PA-10001004,Office Supplies,Paper,"Eaton Parchment Paper, 8.5 x 11",70,6,0.0,25.32,14.74,Critical,2011
US-2013-167472,7/6/2013,8/6/2013,First Class,Clytie Kelty,Consumer,Arkansas,United States,US,South,OFF-BI-10001721,Office Supplies,Binders,Trimflex Flexible Post Binders,64,3,0.0,30.7872,3.3,High,2013
IN-2011-60560,25-07-2011,30-07-2011,Standard Class,Muhammed Lee,Consumer,Queensland,Australia,APAC,Oceania,TEC-CO-10004535,Technology,Copiers,"Hewlett Fax Machine, High-Speed","1,432",5,0.1,413.49,129.06,High,2011
NI-2013-5540,7/6/2013,14-06-2013,Standard Class,Pauline Chand,Home Office,Lagos,Nigeria,Africa,Africa,OFF-ACC-10003265,Office Supplies,Fasteners,"Accos Rubber Bands, Bulk Pack",10,2,0.7,-7.032,0.74,Medium,2013
KE-2013-5450,19-07-2013,19-07-2013,Same Day,Raymond Buch,Consumer,Nairobi,Kenya,Africa,Africa,OFF-ACM-10001029,Office Supplies,Supplies,"Acme Box Cutter, Serrated",69,2,0.0,15.84,22.15,Critical,2013
PL-2013-5500,27-07-2013,2/8/2013,Standard Class,Dana Kaydos,Consumer,Silesia,Poland,EMEA,EMEA,OFF-BRE-10000493,Office Supplies,Appliances,"Breville Coffee Grinder, Red",124,2,0.0,53.16,5.2,Low,2013
MX-2012-115945,7/11/2012,11/11/2012,Standard Class,Dan Lawera,Consumer,Distrito Federal,Mexico,LATAM,North,OFF-EN-10001443,Office Supplies,Envelopes,"Jiffy Business Envelopes, Recycled",30,3,0.0,11.76,1.44,High,2012
US-2011-165477,7/4/2011,11/4/2011,Standard Class,Shirley Daniels,Home Office,Distrito Federal,Mexico,LATAM,North,OFF-LA-10003459,Office Supplies,Labels,"Avery Removable Labels, Laser Printer Compatible",14,2,0.0,0.28,0.98,Medium,2011
CA-2012-164427,31-07-2012,6/8/2012,Standard Class,Allen Rosenblatt,Corporate,Mississippi,United States,US,South,TEC-AC-10004469,Technology,Accessories,Microsoft Sculpt Comfort Mouse,240,6,0.0,105.468,15.46,Medium,2012
CA-2012-124891,31-07-2012,31-07-2012,Same Day,Rick Hansen,Consumer,New York,United States,US,East,OFF-PA-10004621,Office Supplies,Paper,Xerox 212,19,3,0.0,9.3312,7.24,Critical,2012
IT-2013-1537853,25-07-2013,29-07-2013,Second Class,Michael Moore,Consumer,Midi-Pyrénées,France,EU,Central,FUR-BO-10004824,Furniture,Bookcases,"Safco Stackable Bookrack, Traditional",267,2,0.1,17.772,36.75,High,2013
US-2011-114965,18-07-2011,22-07-2011,Standard Class,Erica Smith,Consumer,Bahia,Brazil,LATAM,South,OFF-AR-10003897,Office Supplies,Art,"Stanley Pencil Sharpener, Water Color",45,6,0.6,-45.864,2.66,Medium,2011
MO-2012-2390,7/11/2012,11/11/2012,Second Class,Evan Bailliet,Consumer,Rabat-Salé-Zemmour-Zaer,Morocco,Africa,Africa,OFF-BIN-10002061,Office Supplies,Art,"Binney & Smith Sketch Pad, Blue",185,4,0.0,48.12,16.81,High,2012
MX-2013-141159,7/6/2013,14-06-2013,Standard Class,Rick Huthwaite,Home Office,Yucatán,Mexico,LATAM,North,OFF-AP-10004227,Office Supplies,Appliances,"Hamilton Beach Refrigerator, White",664,2,0.0,166.08,74.31,Medium,2013
ES-2013-1253344,7/6/2013,11/6/2013,Standard Class,Logan Haushalter,Consumer,Piedmont,Italy,EU,South,OFF-SU-10003209,Office Supplies,Supplies,"Elite Scissors, Easy Grip",24,1,0.0,11.1,2.52,Medium,2013
ES-2012-5100288,7/1/2012,10/1/2012,First Class,Georgia Rosenberg,Corporate,Oslo,Norway,EU,North,OFF-LA-10004132,Office Supplies,Labels,"Smead Color Coded Labels, Alphabetical",26,2,0.0,10.8,0.43,Medium,2012
MX-2012-158925,24-07-2012,30-07-2012,Standard Class,Jeremy Farry,Consumer,Guatemala,Guatemala,LATAM,Central,FUR-BO-10002471,Furniture,Bookcases,"Safco 3-Shelf Cabinet, Metal",449,4,0.0,35.84,24.37,Medium,2012
IT-2014-5137649,24-07-2014,28-07-2014,Second Class,Rick Huthwaite,Home Office,Limburg,Netherlands,EU,Central,TEC-PH-10000956,Technology,Phones,"Motorola Speaker Phone, with Caller ID",260,4,0.5,-145.44,34.82,Medium,2014
IT-2014-5707545,7/11/2014,11/11/2014,Standard Class,Dennis Kane,Consumer,Midi-Pyrénées,France,EU,Central,TEC-AC-10003343,Technology,Accessories,"Logitech Flash Drive, Erganomic",227,8,0.0,101.76,15.58,Medium,2014
ES-2013-3167494,20-07-2013,24-07-2013,Standard Class,Logan Currie,Consumer,Sicily,Italy,EU,South,OFF-AR-10002805,Office Supplies,Art,"Boston Sketch Pad, Blue",486,10,0.0,208.8,46.89,High,2013
NI-2014-3890,7/5/2014,13-05-2014,Standard Class,Vivek Grady,Corporate,Oyo,Nigeria,Africa,Africa,OFF-SAN-10004288,Office Supplies,Art,"Sanford Sketch Pad, Blue",55,4,0.7,-121.944,5.05,Medium,2014
CA-2011-143903,20-07-2011,24-07-2011,Standard Class,Katherine Murray,Home Office,Texas,United States,US,Central,FUR-CH-10002024,Furniture,Chairs,HON 5400 Series Task Chairs for Big and Tall,981,2,0.3,-140.196,85.32,High,2011
TZ-2012-220,7/9/2012,12/9/2012,Standard Class,Sandra Glassco,Consumer,Dar Es Salaam,Tanzania,Africa,Africa,OFF-CAR-10003030,Office Supplies,Binders,"Cardinal Index Tab, Economy",35,4,0.0,16.08,0.74,Medium,2012
MX-2011-103345,7/6/2011,14-06-2011,Standard Class,Dana Kaydos,Consumer,Nuevo León,Mexico,LATAM,North,TEC-CO-10003694,Technology,Copiers,"Brother Wireless Fax, Color",759,3,0.002,44.079,43.12,Medium,2011
IN-2012-13037,19-07-2012,25-07-2012,Standard Class,Adam Hart,Corporate,Haryana,India,APAC,Central Asia,OFF-PA-10001835,Office Supplies,Paper,"SanDisk Computer Printout Paper, 8.5 x 11",68,2,0.0,0.0,1.91,Medium,2012
IN-2013-64368,16-07-2013,22-07-2013,Standard Class,Mark Haberlin,Corporate,Hubei,China,APAC,North Asia,FUR-FU-10004797,Furniture,Furnishings,"Tenex Stacking Tray, Erganomic",22,1,0.0,3.78,3.57,Low,2013
MX-2013-153094,7/11/2013,13-11-2013,Standard Class,Ivan Liston,Consumer,Tamaulipas,Mexico,LATAM,North,FUR-CH-10002653,Furniture,Chairs,"Office Star Rocking Chair, Adjustable",229,3,0.2,0.0,13.04,Medium,2013
ZA-2012-3540,23-07-2012,26-07-2012,Second Class,Katherine Murray,Home Office,Copperbelt,Zambia,Africa,Africa,OFF-IBI-10003422,Office Supplies,Binders,"Ibico Binder, Durable",34,2,0.0,0.96,4.76,High,2012
US-2011-124310,14-07-2011,20-07-2011,Standard Class,Harold Engle,Corporate,Rio de Janeiro,Brazil,LATAM,South,OFF-SU-10000113,Office Supplies,Supplies,"Acme Shears, Easy Grip",41,3,0.6,-35.088,5.07,Low,2011
NI-2012-1930,21-07-2012,25-07-2012,Standard Class,Ed Ludwig,Home Office,Kano,Nigeria,Africa,Africa,OFF-SME-10002740,Office Supplies,Storage,"Smead Lockers, Single Width",60,1,0.7,-49.635,2.54,Medium,2012
US-2011-112984,7/10/2011,9/10/2011,Second Class,Brosina Hoffman,Consumer,Francisco Morazán,Honduras,LATAM,Central,OFF-BI-10000821,Office Supplies,Binders,"Acco Hole Reinforcements, Durable",13,4,0.4,-1.744,2.67,High,2011
IN-2013-24762,7/5/2013,12/5/2013,Second Class,Alejandro Ballentine,Home Office,Queensland,Australia,APAC,Oceania,TEC-AC-10004704,Technology,Accessories,"SanDisk Numeric Keypad, USB",96,2,0.1,20.148,12.71,Medium,2013
US-2014-136868,7/10/2014,13-10-2014,Standard Class,Cyra Reiten,Home Office,New York,United States,US,East,OFF-PA-10002377,Office Supplies,Paper,"Adams Telephone Message Book W/Dividers/Space For Phone Numbers, 5 1/4""X8 1/2"", 200/Messages",17,3,0.0,7.668,1.57,Medium,2014
IN-2013-26659,7/8/2013,14-08-2013,Standard Class,Ann Blume,Corporate,Uttar Pradesh,India,APAC,Central Asia,FUR-BO-10004529,Furniture,Bookcases,"Sauder 3-Shelf Cabinet, Pine",840,5,0.0,100.8,172.19,Low,2013
CA-2014-100013,7/11/2014,12/11/2014,Standard Class,Zuschuss Carroll,Consumer,California,United States,US,West,FUR-FU-10001424,Furniture,Furnishings,Dax Clear Box Frame,9,1,0.0,2.9682,0.57,Medium,2014
ES-2012-1439531,23-07-2012,27-07-2012,Standard Class,Duane Benoit,Consumer,Madrid,Spain,EU,South,OFF-AP-10003184,Office Supplies,Appliances,"KitchenAid Stove, Silver","1,142",2,0.0,411.0,71.96,Medium,2012
IN-2012-19043,7/12/2012,13-12-2012,Standard Class,Jennifer Halladay,Consumer,T?nh C?n Th?,Vietnam,APAC,Southeast Asia,OFF-FA-10004545,Office Supplies,Fasteners,"Stockwell Push Pins, Metal",23,2,0.17,6.726,2.21,Medium,2012
ID-2013-49248,7/5/2013,9/5/2013,First Class,Cari MacIntyre,Corporate,Ho Chí Minh City,Vietnam,APAC,Southeast Asia,OFF-ST-10001534,Office Supplies,Storage,"Smead Folders, Industrial",89,6,0.17,31.1706,18.99,High,2013
RO-2014-7230,17-07-2014,24-07-2014,Standard Class,Art Foster,Consumer,Buzau,Romania,EMEA,EMEA,OFF-SAN-10001074,Office Supplies,Paper,"SanDisk Message Books, Premium",95,4,0.0,24.72,7.17,Medium,2014
MX-2014-121986,26-07-2014,30-07-2014,Standard Class,Bart Folk,Consumer,Parana,Brazil,LATAM,South,OFF-SU-10003082,Office Supplies,Supplies,"Acme Box Cutter, Easy Grip",79,3,0.0,18.12,7.23,Medium,2014
IN-2014-78802,7/5/2014,11/5/2014,Standard Class,Tony Chapman,Home Office,Bangkok,Thailand,APAC,Southeast Asia,TEC-AC-10000332,Technology,Accessories,"Logitech Keyboard, USB",347,9,0.47,-104.8518,21.13,High,2014
MA-2013-870,14-07-2013,19-07-2013,Standard Class,Nora Preis,Consumer,Analamanga,Madagascar,Africa,Africa,OFF-BIN-10003023,Office Supplies,Art,"Binney & Smith Sketch Pad, Fluorescent",190,4,0.0,9.48,16.08,Medium,2013
MX-2012-119641,30-07-2012,2/8/2012,Second Class,Fred Chung,Corporate,Distrito Federal,Mexico,LATAM,North,OFF-LA-10002068,Office Supplies,Labels,"Smead Removable Labels, Adjustable",7,1,0.0,2.38,0.2,Medium,2012
ES-2011-1656997,22-07-2011,24-07-2011,Second Class,Nick Zandusky,Home Office,England,United Kingdom,EU,North,OFF-BI-10003999,Office Supplies,Binders,"Avery Hole Reinforcements, Clear",12,3,0.0,1.08,0.82,Medium,2011
IN-2012-44705,7/11/2012,11/11/2012,Standard Class,Elpida Rittenbach,Corporate,National Capital,Philippines,APAC,Southeast Asia,FUR-CH-10002573,Furniture,Chairs,"Office Star Executive Leather Armchair, Adjustable",698,2,0.25,-74.4,72.71,Medium,2012
US-2013-168095,16-07-2013,21-07-2013,Standard Class,Mark Cousins,Corporate,Oregon,United States,US,West,FUR-CH-10004886,Furniture,Chairs,Bevis Steel Folding Chairs,230,3,0.2,23.028,14.18,Medium,2013
ES-2014-4451711,30-07-2014,4/8/2014,Standard Class,Clay Rozendal,Home Office,Piedmont,Italy,EU,South,OFF-LA-10001284,Office Supplies,Labels,"Smead Round Labels, 5000 Label Set",51,7,0.0,2.52,5.93,Medium,2014
ES-2014-1808409,14-07-2014,16-07-2014,Second Class,Jamie Kunitz,Consumer,Lazio,Italy,EU,South,TEC-CO-10000178,Technology,Copiers,"Hewlett Ink, Laser",446,3,0.0,53.46,26.53,Medium,2014
US-2011-144729,21-07-2011,24-07-2011,First Class,Saphhira Shifley,Corporate,Panama,Panama,LATAM,Central,TEC-PH-10004287,Technology,Phones,"Cisco Headset, Cordless",146,4,0.4,-68.176,18.6,Medium,2011
IN-2014-82652,16-07-2014,21-07-2014,Standard Class,Becky Martin,Consumer,New South Wales,Australia,APAC,Oceania,OFF-SU-10001488,Office Supplies,Supplies,"Stiletto Scissors, Steel",23,1,0.0,0.45,1.67,Medium,2014
IN-2012-85480,30-07-2012,1/8/2012,First Class,Cindy Schnelling,Corporate,Bay of Plenty,New Zealand,APAC,Oceania,FUR-BO-10000021,Furniture,Bookcases,"Dania Corner Shelving, Metal",243,2,0.0,102.06,33.09,High,2012
CA-2012-140025,7/4/2012,11/4/2012,Standard Class,Peter Fuller,Consumer,Texas,United States,US,Central,TEC-AC-10002402,Technology,Accessories,Razer Kraken PRO Over Ear PC and Music Headset,384,6,0.2,47.994,40.02,Medium,2012
ES-2012-3208808,16-07-2012,19-07-2012,First Class,Sally Knutson,Consumer,Centre,France,EU,Central,TEC-PH-10001070,Technology,Phones,"Samsung Headset, VoIP",187,3,0.15,59.3595,25.7,High,2012
CA-2013-144855,23-07-2013,25-07-2013,Second Class,Dionis Lloyd,Corporate,California,United States,US,West,OFF-LA-10003766,Office Supplies,Labels,Self-Adhesive Removable Labels,6,2,0.0,3.024,1.6,Critical,2013
MX-2012-122273,26-07-2012,31-07-2012,Standard Class,Craig Reiter,Consumer,São Paulo,Brazil,LATAM,South,FUR-CH-10002088,Furniture,Chairs,"Novimex Steel Folding Chair, Set of Two",225,4,0.0,54.0,13.73,Medium,2012
CG-2014-870,19-07-2014,21-07-2014,Second Class,Anne McFarland,Consumer,Kinshasa,Democratic Republic of the Congo,Africa,Africa,OFF-BIC-10001211,Office Supplies,Art,"BIC Highlighters, Water Color",22,1,0.0,3.96,2.99,High,2014
IN-2013-46896,16-07-2013,20-07-2013,Standard Class,Deanra Eno,Home Office,Western,Sri Lanka,APAC,Central Asia,OFF-BI-10003309,Office Supplies,Binders,"Wilson Jones Binder Covers, Clear",64,6,0.0,15.84,2.96,Medium,2013
IT-2012-2197138,13-07-2012,17-07-2012,Standard Class,Zuschuss Donatelli,Consumer,Provence-Alpes-Côte d'Azur,France,EU,Central,TEC-CO-10002686,Technology,Copiers,"Hewlett Fax Machine, Laser",816,3,0.15,-95.994,85.36,High,2012
UZ-2011-8840,7/10/2011,10/10/2011,First Class,Ed Ludwig,Home Office,Namangan,Uzbekistan,EMEA,EMEA,OFF-ELD-10001037,Office Supplies,Storage,"Eldon Trays, Wire Frame",47,1,0.0,18.33,7.71,Critical,2011
ID-2011-21402,27-07-2011,31-07-2011,Second Class,Mitch Webber,Consumer,Western Australia,Australia,APAC,Oceania,FUR-CH-10001695,Furniture,Chairs,"Harbour Creations Chairmat, Set of Two",267,4,0.1,-26.82,17.83,High,2011
CA-2013-120180,15-07-2013,17-07-2013,First Class,Theone Pippenger,Consumer,Pennsylvania,United States,US,East,OFF-SU-10004115,Office Supplies,Supplies,Acme Stainless Steel Office Snips,12,2,0.2,1.0178,0.59,Medium,2013
US-2011-150406,21-07-2011,26-07-2011,Standard Class,Evan Bailliet,Consumer,Maranhão,Brazil,LATAM,South,FUR-BO-10000517,Furniture,Bookcases,"Ikea Stackable Bookrack, Metal",260,8,0.6,-358.048,28.07,High,2011
ID-2011-17286,29-07-2011,2/8/2011,Second Class,Charlotte Melton,Consumer,Bangkok,Thailand,APAC,Southeast Asia,OFF-ST-10000752,Office Supplies,Storage,"Fellowes File Cart, Wire Frame",217,3,0.47,-24.6258,40.3,High,2011
MX-2014-112431,7/5/2014,12/5/2014,Standard Class,Greg Maxwell,Corporate,San Salvador,El Salvador,LATAM,Central,OFF-SU-10000979,Office Supplies,Supplies,"Acme Letter Opener, Easy Grip",170,8,0.0,74.56,8.58,Medium,2014
CA-2011-117464,22-07-2011,24-07-2011,Second Class,Naresj Patel,Consumer,California,United States,US,West,FUR-TA-10004767,Furniture,Tables,Safco Drafting Table,170,3,0.2,19.1646,17.28,High,2011
ES-2014-5119760,28-07-2014,31-07-2014,First Class,Alex Grayson,Consumer,Baden-Württemberg,Germany,EU,Central,OFF-SU-10000906,Office Supplies,Supplies,"Fiskars Shears, High Speed",191,4,0.0,93.36,57.32,Critical,2014
CA-2012-160472,20-07-2012,25-07-2012,Second Class,Ralph Kennedy,Consumer,Indiana,United States,US,Central,OFF-PA-10000528,Office Supplies,Paper,Xerox 1981,26,5,0.0,11.88,1.08,Medium,2012
IN-2013-31825,7/12/2013,12/12/2013,Second Class,Jason Klamczynski,Corporate,Karnataka,India,APAC,Central Asia,FUR-CH-10002932,Furniture,Chairs,"Harbour Creations Rocking Chair, Adjustable",150,1,0.0,14.94,10.04,Medium,2013
IN-2012-46560,7/9/2012,13-09-2012,Standard Class,Sam Zeldin,Home Office,Jakarta,Indonesia,APAC,Southeast Asia,TEC-MA-10001360,Technology,Machines,"Okidata Receipt Printer, White",403,4,0.17,145.5024,43.17,Medium,2012
IN-2014-48982,17-07-2014,20-07-2014,Second Class,Duane Huffman,Home Office,Tamil Nadu,India,APAC,Central Asia,TEC-AC-10000596,Technology,Accessories,"Enermax Memory Card, Erganomic",449,4,0.0,188.4,53.54,High,2014
IT-2014-1555885,14-07-2014,21-07-2014,Standard Class,Sean Miller,Home Office,Stockholm,Sweden,EU,North,OFF-AR-10001110,Office Supplies,Art,"BIC Pencil Sharpener, Water Color",32,2,0.5,-7.77,1.95,Medium,2014
CA-2012-146255,7/3/2012,10/3/2012,First Class,Eugene Moren,Home Office,Delaware,United States,US,East,OFF-BI-10001765,Office Supplies,Binders,Wilson Jones Heavy-Duty Casebound Ring Binders with Metal Hinges,69,2,0.0,33.2544,17.94,High,2012
MX-2013-102092,20-07-2013,25-07-2013,Standard Class,Erin Ashbrook,Corporate,Nuevo León,Mexico,LATAM,North,OFF-BI-10002455,Office Supplies,Binders,"Acco 3-Hole Punch, Durable",63,3,0.0,9.48,3.28,Medium,2013
CA-2014-107720,7/11/2014,14-11-2014,Standard Class,Valerie Mitchum,Home Office,New Jersey,United States,US,East,OFF-ST-10001414,Office Supplies,Storage,Decoflex Hanging Personal Folder File,46,3,0.0,12.0276,5.17,Low,2014
ES-2012-3596491,7/9/2012,9/9/2012,First Class,Janet Molinari,Corporate,Alsace,France,EU,Central,OFF-BI-10003708,Office Supplies,Binders,"Cardinal Binder, Recycled",184,13,0.0,38.61,13.74,Medium,2012
MX-2013-123463,20-07-2013,27-07-2013,Standard Class,Frank Carlisle,Home Office,Santander,Colombia,LATAM,South,OFF-PA-10004190,Office Supplies,Paper,"Xerox Note Cards, Multicolor",74,4,0.0,33.28,11.58,Low,2013
KZ-2014-6760,7/10/2014,11/10/2014,Standard Class,Christina VanderZanden,Consumer,Astana,Kazakhstan,EMEA,EMEA,OFF-BOS-10003699,Office Supplies,Art,"Boston Sketch Pad, Fluorescent",60,4,0.7,-139.608,4.8,Medium,2014
CA-2011-117765,7/9/2011,13-09-2011,Standard Class,Rick Bensley,Home Office,Oklahoma,United States,US,Central,OFF-BI-10000474,Office Supplies,Binders,Avery Recycled Flexi-View Covers for Binding Systems,32,2,0.0,15.3888,3.07,Medium,2011
MX-2012-114251,7/5/2012,9/5/2012,Second Class,Toby Gnade,Consumer,Distrito Federal,Mexico,LATAM,North,OFF-ST-10004754,Office Supplies,Storage,"Fellowes Lockers, Single Width",553,4,0.0,132.64,70.44,High,2012
ES-2014-5117456,26-07-2014,28-07-2014,Second Class,Gary Hansen,Home Office,Vienna,Austria,EU,Central,FUR-FU-10001424,Furniture,Furnishings,"Eldon Photo Frame, Durable",165,3,0.0,46.26,19.02,Medium,2014
ES-2012-5954014,7/2/2012,11/2/2012,Standard Class,Astrea Jones,Consumer,Ile-de-France,France,EU,Central,FUR-FU-10002919,Furniture,Furnishings,"Rubbermaid Frame, Erganomic",651,6,0.0,240.84,96.05,High,2012
ES-2013-1521931,7/6/2013,10/6/2013,Second Class,Sanjit Jacobs,Home Office,Provence-Alpes-Côte d'Azur,France,EU,Central,TEC-AC-10002122,Technology,Accessories,"Belkin Keyboard, Erganomic",163,2,0.0,9.78,15.21,Medium,2013
TU-2014-950,7/7/2014,12/7/2014,Standard Class,Luke Foster,Consumer,Ankara,Turkey,EMEA,EMEA,OFF-ENE-10002104,Office Supplies,Paper,"Enermax Note Cards, Premium",24,2,0.6,-23.352,3.38,High,2014
CA-2012-8480,20-08-2012,24-08-2012,Second Class,Seth Vernon,Consumer,British Columbia,Canada,Canada,Canada,FUR-HON-10003533,Furniture,Chairs,"Hon Executive Leather Armchair, Adjustable",460,1,0.0,124.08,41.51,Medium,2012
TU-2013-1120,8/7/2013,12/7/2013,Standard Class,Robert Dilbeck,Home Office,Ankara,Turkey,EMEA,EMEA,OFF-STA-10004108,Office Supplies,Art,"Stanley Canvas, Easy-Erase",20,1,0.6,-17.934,2.86,High,2013
ES-2014-2638373,14-08-2014,20-08-2014,Standard Class,Jenna Caffey,Consumer,Andalusía,Spain,EU,South,TEC-CO-10001191,Technology,Copiers,"Sharp Wireless Fax, High-Speed","2,125",6,0.0,233.64,104.46,Low,2014
MX-2014-137204,18-08-2014,25-08-2014,Standard Class,Mitch Willingham,Corporate,Saint Catherine,Jamaica,LATAM,Caribbean,TEC-PH-10003215,Technology,Phones,"Samsung Headset, Full Size",248,5,0.0,124.1,23.53,Medium,2014
IN-2013-74329,15-08-2013,21-08-2013,Standard Class,Benjamin Farhat,Home Office,Western Australia,Australia,APAC,Oceania,OFF-BI-10002386,Office Supplies,Binders,"Acco Index Tab, Clear",23,3,0.1,0.486,2.45,Medium,2013
IN-2011-42759,19-08-2011,19-08-2011,Same Day,Tiffany House,Corporate,Queensland,Australia,APAC,Oceania,TEC-PH-10001428,Technology,Phones,"Motorola Headset, VoIP",359,5,0.1,11.835,113.45,High,2011
MX-2014-131765,15-08-2014,18-08-2014,Second Class,Peter Bühler,Consumer,Antioquia,Colombia,LATAM,South,TEC-AC-10002015,Technology,Accessories,"Logitech Router, Programmable","1,161",7,0.0,452.76,162.57,High,2014
UG-2013-9250,17-08-2013,21-08-2013,Second Class,Ricardo Emerson,Consumer,Kabarole,Uganda,Africa,Africa,OFF-CAM-10001761,Office Supplies,Envelopes,"Cameo Clasp Envelope, Security-Tint",4,1,0.7,-5.487,0.36,Medium,2013
IN-2014-67238,18-08-2014,23-08-2014,Standard Class,Shahid Hopkins,Consumer,Shaanxi,China,APAC,North Asia,FUR-CH-10002117,Furniture,Chairs,"Hon Steel Folding Chair, Red",326,4,0.0,123.72,17.28,Medium,2014
TU-2012-1970,8/8/2012,10/8/2012,Second Class,Dorothy Badders,Corporate,Ankara,Turkey,EMEA,EMEA,OFF-BIC-10002403,Office Supplies,Art,"BIC Sketch Pad, Easy-Erase",20,1,0.6,-4.908,4.87,Critical,2012
MX-2014-112760,8/9/2014,10/9/2014,First Class,Alan Barnes,Consumer,Cienfuegos,Cuba,LATAM,Caribbean,OFF-PA-10000362,Office Supplies,Paper,"Xerox Parchment Paper, Premium",9,1,0.0,1.76,2.63,Critical,2014
ID-2011-66475,29-08-2011,5/9/2011,Standard Class,Brendan Murry,Corporate,Queensland,Australia,APAC,Oceania,FUR-TA-10001494,Furniture,Tables,"Lesro Wood Table, Adjustable Height","2,301",7,0.3,-953.442,283.36,Low,2011
CA-2014-129021,24-08-2014,27-08-2014,Second Class,Patrick O'Brill,Consumer,Florida,United States,US,South,TEC-PH-10001459,Technology,Phones,Samsung Galaxy Mega 6.3,"4,368",13,0.2,327.5922,609.44,Medium,2014
ES-2014-5091205,19-08-2014,23-08-2014,Second Class,Delfina Latchford,Consumer,Madrid,Spain,EU,South,OFF-BI-10003705,Office Supplies,Binders,"Wilson Jones Binding Machine, Recycled",345,7,0.0,37.8,20.93,Medium,2014
MX-2013-102694,8/4/2013,14-04-2013,Standard Class,Joy Smith,Consumer,Santo Domingo,Dominican Republic,LATAM,Caribbean,TEC-AC-10003159,Technology,Accessories,"SanDisk Router, USB",274,2,0.2,6.824,25.53,Medium,2013
ES-2013-4827951,23-08-2013,27-08-2013,Standard Class,Philip Fox,Consumer,North Rhine-Westphalia,Germany,EU,Central,FUR-TA-10004634,Furniture,Tables,"Bevis Training Table, Adjustable Height",657,3,0.35,-252.9585,76.35,High,2013
IN-2011-12043,19-08-2011,23-08-2011,Standard Class,Cari Sayre,Corporate,Fujian,China,APAC,North Asia,OFF-EN-10000645,Office Supplies,Envelopes,"Ames Mailers, Recycled",243,7,0.0,63.0,19.61,Medium,2011
ID-2011-76520,22-08-2011,27-08-2011,Standard Class,Ricardo Sperren,Corporate,Victoria,Australia,APAC,Oceania,OFF-FA-10002177,Office Supplies,Fasteners,"OIC Clamps, Metal",54,3,0.1,-1.197,1.08,Medium,2011
ES-2012-5515506,16-08-2012,21-08-2012,Standard Class,Justin Deggeller,Corporate,England,United Kingdom,EU,North,OFF-BI-10000542,Office Supplies,Binders,"Wilson Jones 3-Hole Punch, Durable",88,3,0.0,18.54,7.64,Medium,2012
PL-2012-7820,8/8/2012,10/8/2012,First Class,Ann Blume,Corporate,Silesia,Poland,EMEA,EMEA,FUR-HON-10000224,Furniture,Tables,"Hon Computer Table, with Bottom Storage","1,978",4,0.0,276.84,759.47,Critical,2012
US-2013-106313,23-08-2013,27-08-2013,Standard Class,Deirdre Greer,Corporate,Washington,United States,US,West,OFF-PA-10001870,Office Supplies,Paper,Xerox 202,19,3,0.0,9.3312,0.46,High,2013
NI-2014-1900,8/12/2014,10/12/2014,First Class,Arthur Gainer,Consumer,Lagos,Nigeria,Africa,Africa,FUR-DEF-10000065,Furniture,Furnishings,"Deflect-O Frame, Durable",64,2,0.7,-62.118,18.19,High,2014
IN-2014-85417,21-08-2014,26-08-2014,Standard Class,Heather Kirkland,Corporate,Wellington,New Zealand,APAC,Oceania,OFF-ST-10004794,Office Supplies,Storage,"Rogers Shelving, Blue",249,4,0.0,104.28,16.4,Medium,2014
NI-2013-6450,19-08-2013,20-08-2013,First Class,Michelle Tran,Home Office,Benue,Nigeria,Africa,Africa,OFF-HAR-10003659,Office Supplies,Labels,"Harbour Creations Color Coded Labels, Adjustable",3,1,0.7,-6.06,0.29,Medium,2013
CA-2012-164007,8/6/2012,12/6/2012,Standard Class,Maureen Gnade,Consumer,Illinois,United States,US,Central,OFF-AP-10003849,Office Supplies,Appliances,Hoover Shoulder Vac Commercial Portable Vacuum,143,2,0.8,-393.602,1.56,Medium,2012
US-2013-141544,31-08-2013,2/9/2013,First Class,Patrick O'Brill,Consumer,Pennsylvania,United States,US,East,TEC-PH-10003645,Technology,Phones,Aastra 57i VoIP phone,291,3,0.4,-67.8762,55.88,High,2013
US-2013-117793,24-08-2013,30-08-2013,Standard Class,Matt Abelman,Home Office,Wisconsin,United States,US,Central,OFF-LA-10003537,Office Supplies,Labels,Avery 515,38,3,0.0,17.6673,2.09,Medium,2013
TU-2011-750,25-08-2011,29-08-2011,Standard Class,Becky Martin,Consumer,Istanbul,Turkey,EMEA,EMEA,FUR-RUB-10004285,Furniture,Furnishings,"Rubbermaid Clock, Duo Pack",20,1,0.6,-22.122,2.63,High,2011
CA-2013-123414,22-08-2013,28-08-2013,Standard Class,Stephanie Ulpright,Home Office,North Carolina,United States,US,South,OFF-LA-10004559,Office Supplies,Labels,Avery 49,9,4,0.2,3.3408,0.24,Medium,2013
MX-2014-131765,15-08-2014,18-08-2014,Second Class,Peter Bühler,Consumer,Antioquia,Colombia,LATAM,South,OFF-LA-10002199,Office Supplies,Labels,"Harbour Creations Removable Labels, Adjustable",11,2,0.0,3.72,1.13,High,2014
IT-2014-4483445,13-08-2014,17-08-2014,Standard Class,Andrew Gjertsen,Corporate,Midi-Pyrénées,France,EU,Central,OFF-BI-10002128,Office Supplies,Binders,"Acco Binder Covers, Durable",22,3,0.5,-2.25,1.65,Medium,2014
ID-2014-55338,8/5/2014,14-05-2014,Standard Class,Jane Waco,Corporate,National Capital,Philippines,APAC,Southeast Asia,FUR-BO-10001934,Furniture,Bookcases,"Bush Library with Doors, Metal",946,4,0.35,-392.892,57.02,Medium,2014
MX-2013-157735,22-08-2013,24-08-2013,First Class,Ken Dana,Corporate,Matanzas,Cuba,LATAM,Caribbean,FUR-CH-10001455,Furniture,Chairs,"Office Star Swivel Stool, Adjustable",118,1,0.0,24.7,51.36,Critical,2013
ES-2013-4147391,31-08-2013,2/9/2013,Second Class,Art Foster,Consumer,Veneto,Italy,EU,South,TEC-CO-10000967,Technology,Copiers,"HP Fax Machine, Laser",600,2,0.0,239.94,184.11,Critical,2013
CA-2012-164441,8/11/2012,13-11-2012,Standard Class,Amy Cox,Consumer,New York,United States,US,East,OFF-PA-10001667,Office Supplies,Paper,Great White Multi-Use Recycled Paper (20Lb. and 84 Bright),18,3,0.0,8.073,1.75,Medium,2012
IN-2012-83254,8/11/2012,13-11-2012,Standard Class,Giulietta Dortch,Corporate,Waikato,New Zealand,APAC,Oceania,OFF-SU-10004589,Office Supplies,Supplies,"Elite Shears, Serrated",87,2,0.0,32.34,6.1,Medium,2012
EG-2013-2110,27-08-2013,31-08-2013,Standard Class,Muhammed Yedwab,Corporate,Al Gharbiyah,Egypt,Africa,Africa,FUR-HON-10003533,Furniture,Chairs,"Hon Executive Leather Armchair, Adjustable","1,839",4,0.0,496.32,121.59,High,2013
ID-2014-42388,25-08-2014,30-08-2014,Standard Class,Alex Avila,Consumer,New South Wales,Australia,APAC,Oceania,OFF-AP-10002960,Office Supplies,Appliances,"Hamilton Beach Toaster, Black",256,5,0.1,-17.22,26.93,High,2014
IN-2011-69443,8/9/2011,12/9/2011,Standard Class,Monica Federle,Corporate,Yangon,Myanmar (Burma),APAC,Southeast Asia,OFF-BI-10000089,Office Supplies,Binders,"Wilson Jones 3-Hole Punch, Recycled",24,1,0.17,9.0705,1.97,Medium,2011
ES-2012-2396725,8/11/2012,13-11-2012,Standard Class,Michelle Ellison,Corporate,Baden-Württemberg,Germany,EU,Central,TEC-AC-10000863,Technology,Accessories,"Enermax Numeric Keypad, Erganomic",176,3,0.0,19.35,11.74,Medium,2012
TU-2014-3270,8/5/2014,13-05-2014,Standard Class,Ross DeVincentis,Home Office,Batman,Turkey,EMEA,EMEA,TEC-MEM-10001732,Technology,Accessories,"Memorex Numeric Keypad, USB",17,1,0.6,-11.622,1.64,Medium,2014
ES-2011-4801998,26-08-2011,30-08-2011,Second Class,Sanjit Engle,Consumer,Nord-Pas-de-Calais,France,EU,Central,OFF-SU-10000877,Office Supplies,Supplies,"Acme Scissors, Easy Grip",189,7,0.0,45.36,3.09,Medium,2011
US-2011-115987,8/9/2011,13-09-2011,Second Class,Lisa Hazard,Consumer,Texas,United States,US,Central,OFF-BI-10001071,Office Supplies,Binders,GBC ProClick Punch Binding System,51,4,0.8,-79.3352,6.74,Medium,2011
CA-2013-105585,27-08-2013,28-08-2013,First Class,Roland Fjeld,Consumer,California,United States,US,West,OFF-PA-10003625,Office Supplies,Paper,Xerox 1979,155,5,0.0,69.705,7.43,High,2013
CA-2014-146920,29-08-2014,2/9/2014,Standard Class,Sean Christensen,Consumer,Illinois,United States,US,Central,OFF-PA-10002479,Office Supplies,Paper,Xerox 4200 Series MultiUse Premium Copy Paper (20Lb. and 84 Bright),25,6,0.2,7.92,4.51,High,2014
NI-2011-9240,24-08-2011,29-08-2011,Standard Class,Corey-Lock,Consumer,Lagos,Nigeria,Africa,Africa,FUR-BUS-10001876,Furniture,Bookcases,"Bush 3-Shelf Cabinet, Pine",43,1,0.7,-89.754,2.35,Medium,2011
ES-2011-5335590,17-08-2011,23-08-2011,Standard Class,Toby Gnade,Consumer,Picardy,France,EU,Central,OFF-ST-10001025,Office Supplies,Storage,"Tenex Trays, Single Width",195,4,0.1,60.744,26.1,Low,2011
GG-2011-3530,8/3/2011,14-03-2011,Standard Class,Jeremy Farry,Consumer,Tbilisi,Georgia,EMEA,EMEA,FUR-RUB-10002507,Furniture,Furnishings,"Rubbermaid Stacking Tray, Black",101,4,0.0,31.2,8.43,Medium,2011
CA-2013-147585,8/11/2013,13-11-2013,Standard Class,Claudia Bergmann,Corporate,California,United States,US,West,FUR-FU-10002597,Furniture,Furnishings,"C-Line Magnetic Cubicle Keepers, Clear Polypropylene",15,3,0.0,6.2244,1.04,Medium,2013
US-2011-122385,16-08-2011,20-08-2011,Standard Class,James Galang,Consumer,Santo Domingo,Dominican Republic,LATAM,Caribbean,OFF-AR-10003096,Office Supplies,Art,"Binney & Smith Sketch Pad, Blue",148,6,0.2,12.864,15.36,Medium,2011
US-2011-115413,26-08-2011,1/9/2011,Standard Class,Paul Prost,Home Office,Delaware,United States,US,East,TEC-AC-10002800,Technology,Accessories,Plantronics Audio 478 Stereo USB Headset,150,3,0.0,52.4895,11.05,Medium,2011
ES-2012-2740636,29-08-2012,5/9/2012,Standard Class,Roy Französisch,Consumer,Antwerp,Belgium,EU,Central,FUR-BO-10001256,Furniture,Bookcases,"Ikea Corner Shelving, Pine",373,3,0.0,29.79,23.98,Medium,2012
ES-2011-2972550,25-08-2011,30-08-2011,Standard Class,Pauline Chand,Home Office,Calabria,Italy,EU,South,OFF-BI-10004233,Office Supplies,Binders,"Avery Index Tab, Economy",31,4,0.0,12.84,1.46,Medium,2011
IN-2014-24951,29-08-2014,5/9/2014,Standard Class,Justin Deggeller,Corporate,Liaoning,China,APAC,North Asia,OFF-PA-10000116,Office Supplies,Paper,"Xerox Parchment Paper, Premium",66,5,0.0,13.8,6.14,Medium,2014
ES-2014-4554406,18-08-2014,22-08-2014,Standard Class,Irene Maddox,Consumer,Bavaria,Germany,EU,Central,OFF-AR-10003651,Office Supplies,Art,"Sanford Pencil Sharpener, Easy-Erase",244,9,0.0,121.77,11.83,Medium,2014
IT-2012-2825037,14-08-2012,20-08-2012,Standard Class,Tom Ashbrook,Home Office,Saxony,Germany,EU,Central,OFF-LA-10004753,Office Supplies,Labels,"Novimex Round Labels, Laser Printer Compatible",6,1,0.0,2.94,0.52,Medium,2012
US-2014-149048,8/4/2014,13-04-2014,Standard Class,Alice McCarthy,Corporate,Francisco Morazán,Honduras,LATAM,Central,FUR-CH-10002374,Furniture,Chairs,"SAFCO Bag Chairs, Black",113,6,0.4,-50.856,9.35,Medium,2014
US-2011-103933,30-08-2011,3/9/2011,Second Class,Khloe Miller,Consumer,Zulia,Venezuela,LATAM,South,OFF-LA-10000190,Office Supplies,Labels,"Harbour Creations Round Labels, 5000 Label Set",17,6,0.4,-3.504,1.76,Medium,2011
CA-2011-124737,23-08-2011,27-08-2011,Standard Class,Arthur Prichep,Consumer,Colorado,United States,US,West,FUR-FU-10003274,Furniture,Furnishings,Regeneration Desk Collection,4,3,0.2,1.2672,0.33,Medium,2011
ID-2014-77710,14-08-2014,18-08-2014,Second Class,Victoria Brennan,Corporate,Jawa Barat,Indonesia,APAC,Southeast Asia,FUR-CH-10002412,Furniture,Chairs,"Hon Bag Chairs, Black",125,4,0.27,-44.4576,18.29,High,2014
ES-2013-4777583,16-08-2013,23-08-2013,Standard Class,Cari MacIntyre,Corporate,England,United Kingdom,EU,North,FUR-BO-10003697,Furniture,Bookcases,"Safco Floating Shelf Set, Mobile",797,4,0.0,95.64,68.05,Low,2013
US-2014-101651,21-08-2014,21-08-2014,Same Day,Steve Chapman,Corporate,Santa Fe,Argentina,LATAM,South,FUR-BO-10001781,Furniture,Bookcases,"Bush Library with Doors, Traditional","1,312",9,0.4,-306.108,76.65,Medium,2014
IN-2013-55135,13-08-2013,18-08-2013,Standard Class,Melanie Seite,Consumer,Aichi,Japan,APAC,North Asia,OFF-EN-10000645,Office Supplies,Envelopes,"Ames Mailers, Recycled",173,5,0.0,45.0,19.99,Medium,2013
ID-2013-19960,8/3/2013,10/3/2013,Second Class,Larry Tron,Consumer,National Capital,Philippines,APAC,Southeast Asia,TEC-CO-10003354,Technology,Copiers,"Brother Fax Machine, Laser",414,2,0.35,-31.878,44.22,High,2013
MX-2014-159779,15-08-2014,20-08-2014,Standard Class,Jesus Ocampo,Home Office,Ciego de Ávila,Cuba,LATAM,Caribbean,OFF-SU-10001722,Office Supplies,Supplies,"Stiletto Box Cutter, Easy Grip",50,2,0.0,23.04,5.29,Medium,2014
ID-2014-85851,8/5/2014,14-05-2014,Standard Class,Mike Gockenbach,Consumer,Auckland,New Zealand,APAC,Oceania,OFF-AP-10004499,Office Supplies,Appliances,"Cuisinart Stove, Red",323,1,0.4,-0.006,20.13,Low,2014
TU-2012-60,29-08-2012,31-08-2012,First Class,Henia Zydlo,Consumer,Amasya,Turkey,EMEA,EMEA,OFF-KRA-10002789,Office Supplies,Envelopes,"Kraft Peel and Seal, with clear poly window",38,4,0.6,-31.752,2.0,High,2012
CA-2013-155670,14-08-2013,18-08-2013,Second Class,Erin Mull,Consumer,North Carolina,United States,US,South,OFF-PA-10004947,Office Supplies,Paper,Staples,10,3,0.2,3.21,1.45,Medium,2013
CA-2012-107902,28-08-2012,2/9/2012,Standard Class,Suzanne McNair,Corporate,Connecticut,United States,US,East,OFF-ST-10001837,Office Supplies,Storage,"SAFCO Mobile Desk Side File, Wire Frame",470,11,0.0,122.2936,30.72,Medium,2012
MX-2014-104486,8/8/2014,12/8/2014,Standard Class,Denny Ordway,Consumer,Santo Domingo,Dominican Republic,LATAM,Caribbean,OFF-LA-10002401,Office Supplies,Labels,"Avery Shipping Labels, Laser Printer Compatible",13,2,0.2,4.4,0.95,Medium,2014
RS-2011-6190,31-08-2011,5/9/2011,Standard Class,Clay Cheatham,Consumer,Dagestan,Russia,EMEA,EMEA,OFF-SAN-10003687,Office Supplies,Art,"Sanford Sketch Pad, Easy-Erase",183,4,0.0,84.12,6.57,Medium,2011
IN-2011-67028,8/3/2011,12/3/2011,Standard Class,David Kendrick,Corporate,National Capital,Philippines,APAC,Southeast Asia,TEC-PH-10000365,Technology,Phones,"Cisco Office Telephone, with Caller ID",543,9,0.25,-7.425,40.48,Medium,2011
ES-2014-3688258,18-08-2014,24-08-2014,Standard Class,Nora Preis,Consumer,Hovedstaden,Denmark,EU,North,TEC-AC-10003920,Technology,Accessories,"Belkin Keyboard, Bluetooth",84,2,0.5,-41.94,3.39,Medium,2014
US-2014-103828,14-08-2014,14-08-2014,Same Day,Jay Kimmel,Consumer,California,United States,US,West,OFF-AP-10004249,Office Supplies,Appliances,Staples,84,7,0.0,22.6233,7.79,High,2014
IN-2011-71060,23-08-2011,28-08-2011,Standard Class,Adam Hart,Corporate,Western Australia,Australia,APAC,Oceania,OFF-SU-10001535,Office Supplies,Supplies,"Elite Box Cutter, High Speed",63,2,0.1,4.182,3.81,Medium,2011
CA-2011-163293,8/9/2011,11/9/2011,First Class,Karen Carlisle,Corporate,Georgia,United States,US,South,TEC-AC-10000023,Technology,Accessories,"Maxell 74 Minute CD-R Spindle, 50/Pack",84,4,0.0,30.1968,13.48,Medium,2011
ES-2013-3561047,28-08-2013,3/9/2013,Standard Class,Mike Pelletier,Home Office,Picardy,France,EU,Central,OFF-AR-10003028,Office Supplies,Art,"Binney & Smith Highlighters, Blue",33,2,0.0,4.92,1.95,Medium,2013
ES-2012-5016521,29-08-2012,3/9/2012,Standard Class,Denny Ordway,Consumer,Campania,Italy,EU,South,OFF-LA-10001299,Office Supplies,Labels,"Avery File Folder Labels, Adjustable",14,2,0.0,5.04,0.74,Medium,2012
IT-2014-2448536,18-08-2014,23-08-2014,Standard Class,Jane Waco,Corporate,Overijssel,Netherlands,EU,Central,OFF-BI-10000880,Office Supplies,Binders,"Wilson Jones Binder, Recycled",27,4,0.5,-6.48,1.97,Medium,2014
MX-2014-166254,28-08-2014,1/9/2014,Standard Class,Yana Sorensen,Corporate,Mayabeque,Cuba,LATAM,Caribbean,OFF-PA-10000752,Office Supplies,Paper,"Xerox Note Cards, Premium",123,7,0.0,50.4,20.02,High,2014
CA-2012-121188,28-08-2012,4/9/2012,Standard Class,Cassandra Brandow,Consumer,California,United States,US,West,OFF-ST-10000736,Office Supplies,Storage,Carina Double Wide Media Storage Towers in Natural & Black,729,9,0.0,29.1528,48.16,Medium,2012
ES-2014-1113356,26-08-2014,29-08-2014,First Class,Ricardo Sperren,Corporate,Ile-de-France,France,EU,Central,FUR-CH-10002819,Furniture,Chairs,"SAFCO Chairmat, Red",162,3,0.1,19.674,12.45,Medium,2014
ID-2012-74630,8/6/2012,10/6/2012,Second Class,Sarah Brown,Consumer,Gyeongsangnam,South Korea,APAC,North Asia,OFF-AR-10003774,Office Supplies,Art,"Stanley Sketch Pad, Fluorescent",114,5,0.5,-20.625,8.94,High,2012
MX-2013-157665,25-09-2013,30-09-2013,Standard Class,Allen Goldenen,Consumer,Distrito Federal,Mexico,LATAM,North,FUR-BO-10002975,Furniture,Bookcases,"Dania Stackable Bookrack, Traditional",323,5,0.2,16.1,12.45,Medium,2013
ES-2012-5642589,14-09-2012,18-09-2012,Standard Class,Keith Herrera,Consumer,Lombardy,Italy,EU,South,OFF-BI-10003774,Office Supplies,Binders,"Cardinal 3-Hole Punch, Durable",182,6,0.0,83.52,16.86,Medium,2012
ES-2011-1647523,19-09-2011,21-09-2011,First Class,Thomas Thornton,Consumer,Ile-de-France,France,EU,Central,OFF-AP-10002128,Office Supplies,Appliances,"Hoover Blender, Black",172,2,0.1,47.598,53.53,Critical,2011
US-2013-123078,16-09-2013,20-09-2013,Standard Class,Grace Kelly,Corporate,Francisco Morazán,Honduras,LATAM,Central,OFF-SU-10002599,Office Supplies,Supplies,"Stiletto Letter Opener, Easy Grip",23,2,0.4,-11.376,1.65,High,2013
MX-2013-132801,20-09-2013,24-09-2013,Standard Class,Ross Baird,Home Office,Puebla,Mexico,LATAM,North,OFF-BI-10000925,Office Supplies,Binders,"Avery Hole Reinforcements, Economy",6,2,0.0,1.76,0.72,High,2013
IT-2014-4809306,9/12/2014,14-12-2014,Standard Class,Mike Kennedy,Consumer,Stockholm,Sweden,EU,North,FUR-CH-10001039,Furniture,Chairs,"Harbour Creations Rocking Chair, Adjustable",224,3,0.5,-80.82,26.03,Medium,2014
CA-2014-100111,21-09-2014,27-09-2014,Standard Class,Seth Vernon,Consumer,New York,United States,US,East,OFF-PA-10000807,Office Supplies,Paper,"TOPS ""Important Message"" Pads, Canary, 4-1/4 x 5-1/2, 50 Sheets per Pad",39,9,0.0,18.1044,1.88,Medium,2014
IN-2014-62730,9/8/2014,13-08-2014,Standard Class,Frank Preis,Consumer,Bangkok,Thailand,APAC,Southeast Asia,OFF-BI-10004869,Office Supplies,Binders,"Avery 3-Hole Punch, Recycled",117,5,0.17,43.6545,7.5,Medium,2014
IN-2014-83310,19-09-2014,24-09-2014,Second Class,Patrick Jones,Corporate,Canterbury,New Zealand,APAC,Oceania,OFF-EN-10003979,Office Supplies,Envelopes,"Kraft Clasp Envelope, with clear poly window",25,2,0.0,3.96,1.78,Medium,2014
MX-2012-144561,28-09-2012,1/10/2012,First Class,Roland Fjeld,Consumer,Querétaro,Mexico,LATAM,North,TEC-MA-10001622,Technology,Machines,"Okidata Card Printer, Red",577,5,0.0,57.6,95.92,High,2012
RO-2011-2950,9/8/2011,15-08-2011,Standard Class,Mick Crebagga,Consumer,Cluj,Romania,EMEA,EMEA,OFF-SME-10002250,Office Supplies,Labels,"Smead File Folder Labels, Alphabetical",35,4,0.0,15.96,2.68,Medium,2011
IN-2011-75323,19-09-2011,24-09-2011,Standard Class,Sanjit Chand,Consumer,Western Australia,Australia,APAC,Oceania,OFF-AP-10001567,Office Supplies,Appliances,"Breville Blender, White",737,9,0.1,261.819,36.55,Medium,2011
IN-2013-52230,9/8/2013,15-08-2013,Standard Class,Shahid Collister,Consumer,Tamil Nadu,India,APAC,Central Asia,OFF-PA-10003020,Office Supplies,Paper,"Xerox Message Books, Premium",41,2,0.0,5.7,2.79,Medium,2013
IN-2012-54491,9/6/2012,9/6/2012,Same Day,Kelly Collister,Consumer,Guangdong,China,APAC,North Asia,OFF-ST-10001638,Office Supplies,Storage,"Tenex File Cart, Single Width",269,2,0.0,78.06,63.94,Medium,2012
MX-2011-119746,9/6/2011,13-06-2011,Standard Class,Jamie Kunitz,Consumer,San Salvador,El Salvador,LATAM,Central,TEC-AC-10000890,Technology,Accessories,"Belkin Router, USB",345,2,0.0,117.36,25.61,Medium,2011
PL-2011-4090,9/6/2011,13-06-2011,Standard Class,Liz Thompson,Consumer,Pomerania,Poland,EMEA,EMEA,TEC-PAN-10000377,Technology,Machines,"Panasonic Inkjet, Durable",312,1,0.0,62.43,24.67,Medium,2011
US-2014-126032,19-09-2014,23-09-2014,Standard Class,Cindy Schnelling,Corporate,Cortés,Honduras,LATAM,Central,OFF-SU-10003082,Office Supplies,Supplies,"Acme Box Cutter, Easy Grip",95,6,0.4,-26.832,6.11,Medium,2014
IN-2014-40400,9/5/2014,12/5/2014,First Class,Rick Huthwaite,Home Office,Tamil Nadu,India,APAC,Central Asia,FUR-FU-10002829,Furniture,Furnishings,"Deflect-O Clock, Black",252,5,0.0,17.55,30.56,High,2014
MX-2012-148054,21-09-2012,24-09-2012,Second Class,Christina VanderZanden,Consumer,Santo Domingo,Dominican Republic,LATAM,Caribbean,FUR-BO-10002325,Furniture,Bookcases,"Bush Classic Bookcase, Metal",659,4,0.4,-219.856,111.23,High,2012
IN-2014-51033,9/9/2014,14-09-2014,Standard Class,Carol Adams,Corporate,National Capital,Philippines,APAC,Southeast Asia,TEC-MA-10000572,Technology,Machines,"Epson Card Printer, Red",627,5,0.25,91.875,54.85,Medium,2014
ES-2013-1598291,18-09-2013,22-09-2013,Standard Class,Lena Radford,Consumer,Basque Country,Spain,EU,South,OFF-PA-10001736,Office Supplies,Paper,"SanDisk Note Cards, 8.5 x 11",89,3,0.0,23.13,7.77,High,2013
MX-2011-158204,28-09-2011,30-09-2011,Second Class,Dianna Vittorini,Consumer,San Salvador,El Salvador,LATAM,Central,OFF-BI-10001598,Office Supplies,Binders,"Avery Hole Reinforcements, Recycled",3,1,0.0,1.42,0.56,High,2011
ES-2011-2130034,14-09-2011,19-09-2011,Standard Class,Denise Monton,Corporate,England,United Kingdom,EU,North,TEC-AC-10003327,Technology,Accessories,"Logitech Keyboard, Erganomic",211,3,0.0,18.9,4.67,Medium,2011
IN-2014-81154,19-09-2014,19-09-2014,Same Day,Nancy Lomonaco,Home Office,Canterbury,New Zealand,APAC,Oceania,OFF-EN-10000975,Office Supplies,Envelopes,"Ames Manila Envelope, Set of 50",148,6,0.0,20.7,33.62,Critical,2014
IT-2011-5015979,27-09-2011,4/10/2011,Standard Class,Natalie Fritzler,Consumer,Tuscany,Italy,EU,South,OFF-ST-10000922,Office Supplies,Storage,"Eldon File Cart, Blue",305,4,0.4,-193.056,30.49,Low,2011
ES-2011-2722980,9/2/2011,14-02-2011,Standard Class,Hallie Redmond,Home Office,Catalonia,Spain,EU,South,OFF-AR-10000110,Office Supplies,Art,"Binney & Smith Sketch Pad, Blue",93,2,0.0,24.06,5.54,Medium,2011
US-2012-103254,9/3/2012,13-03-2012,Standard Class,Ivan Liston,Consumer,Espaillat,Dominican Republic,LATAM,Caribbean,OFF-BI-10004980,Office Supplies,Binders,"Cardinal Hole Reinforcements, Recycled",9,3,0.2,-0.6,0.77,High,2012
ES-2012-4430401,9/8/2012,14-08-2012,Standard Class,Erica Smith,Consumer,Scotland,United Kingdom,EU,North,OFF-LA-10002964,Office Supplies,Labels,"Harbour Creations Shipping Labels, 5000 Label Set",107,9,0.0,23.22,2.72,Medium,2012
US-2011-158554,9/8/2011,9/8/2011,Same Day,Larry Hughes,Consumer,Santo Domingo,Dominican Republic,LATAM,Caribbean,TEC-PH-10004196,Technology,Phones,"Samsung Smart Phone, Cordless","2,045",6,0.2,-332.28,417.99,High,2011
MX-2014-153549,15-09-2014,19-09-2014,Standard Class,Denny Ordway,Consumer,Camagüey,Cuba,LATAM,Caribbean,OFF-AR-10004109,Office Supplies,Art,"Boston Sketch Pad, Fluorescent",133,4,0.0,53.12,4.59,Medium,2014
ES-2014-4407511,15-09-2014,22-09-2014,Standard Class,Marc Crier,Consumer,Vienna,Austria,EU,Central,OFF-SU-10001021,Office Supplies,Supplies,"Fiskars Box Cutter, Serrated",64,2,0.0,20.58,4.89,Medium,2014
TZ-2013-7270,9/8/2013,13-08-2013,Second Class,Phillip Breyer,Corporate,Dar Es Salaam,Tanzania,Africa,Africa,OFF-ROG-10001340,Office Supplies,Storage,"Rogers File Cart, Industrial",127,1,0.1,9.9,19.13,High,2013
ES-2011-4272488,9/12/2011,14-12-2011,Standard Class,Adam Hart,Corporate,England,United Kingdom,EU,North,FUR-BO-10001405,Furniture,Bookcases,"Bush Stackable Bookrack, Pine",874,7,0.0,340.83,90.7,Medium,2011
MX-2013-141425,13-09-2013,19-09-2013,Standard Class,Christine Phan,Corporate,Santo Domingo,Dominican Republic,LATAM,Caribbean,TEC-AC-10003927,Technology,Accessories,"Belkin Numeric Keypad, Bluetooth",62,2,0.2,17.744,2.81,Medium,2013
IN-2014-25637,18-09-2014,23-09-2014,Standard Class,Deanra Eno,Home Office,Hebei,China,APAC,North Asia,OFF-FA-10002177,Office Supplies,Fasteners,"OIC Clamps, Metal",20,1,0.0,1.59,1.57,Medium,2014
CA-2014-155698,9/3/2014,12/3/2014,First Class,Victoria Brennan,Corporate,Georgia,United States,US,South,OFF-LA-10001158,Office Supplies,Labels,"Avery Address/Shipping Labels for Typewriters, 4"" x 2""",21,2,0.0,9.936,3.02,High,2014
ES-2014-2299862,29-09-2014,6/10/2014,Standard Class,Ken Black,Corporate,Bavaria,Germany,EU,Central,OFF-ST-10000300,Office Supplies,Storage,"Eldon Folders, Wire Frame",29,2,0.1,-0.03,1.93,Low,2014
ES-2011-4709704,22-09-2011,29-09-2011,Standard Class,Sonia Sunley,Consumer,Bavaria,Germany,EU,Central,OFF-AR-10002681,Office Supplies,Art,"Stanley Canvas, Fluorescent",304,6,0.0,97.38,25.5,Low,2011
US-2013-123085,9/8/2013,12/8/2013,Second Class,Todd Boyes,Corporate,Choluteca,Honduras,LATAM,Central,TEC-PH-10002127,Technology,Phones,"Cisco Smart Phone, Cordless",521,2,0.4,-321.416,57.69,Medium,2013
IR-2012-1650,22-09-2012,27-09-2012,Second Class,Carl Jackson,Corporate,Lorestan,Iran,EMEA,EMEA,OFF-JIF-10002275,Office Supplies,Envelopes,"Jiffy Clasp Envelope, with clear poly window",12,1,0.0,3.36,1.19,Medium,2012
MX-2014-109043,17-09-2014,17-09-2014,Same Day,Matt Collister,Corporate,León,Nicaragua,LATAM,Central,OFF-FA-10003496,Office Supplies,Fasteners,"Stockwell Push Pins, Assorted Sizes",16,2,0.0,2.04,5.37,Critical,2014
IT-2014-1036058,29-09-2014,3/10/2014,Standard Class,Karen Carlisle,Corporate,North Rhine-Westphalia,Germany,EU,Central,TEC-PH-10000270,Technology,Phones,"Apple Office Telephone, VoIP",261,4,0.0,99.36,22.56,High,2014
US-2013-167101,25-09-2013,30-09-2013,Standard Class,Nona Balk,Corporate,Panama,Panama,LATAM,Central,OFF-FA-10004401,Office Supplies,Fasteners,"OIC Staples, Metal",9,2,0.4,-1.232,0.61,Medium,2013
MX-2014-147487,9/6/2014,15-06-2014,Standard Class,Sarah Foster,Consumer,Sonsonate,El Salvador,LATAM,Central,OFF-FA-10003496,Office Supplies,Fasteners,"Stockwell Push Pins, Assorted Sizes",8,1,0.0,1.02,0.31,Medium,2014
MX-2011-160969,23-09-2011,28-09-2011,Standard Class,Dianna Arnett,Home Office,San Salvador,El Salvador,LATAM,Central,OFF-FA-10000522,Office Supplies,Fasteners,"Stockwell Thumb Tacks, 12 Pack",17,2,0.0,3.16,1.21,Medium,2011
IT-2014-3261574,27-09-2014,3/10/2014,Standard Class,Resi Pölking,Consumer,England,United Kingdom,EU,North,OFF-LA-10004737,Office Supplies,Labels,"Avery Shipping Labels, 5000 Label Set",31,5,0.5,-7.35,4.31,Low,2014
ID-2014-73272,15-09-2014,20-09-2014,Standard Class,Jason Fortune-,Consumer,Bangkok,Thailand,APAC,Southeast Asia,OFF-ST-10000344,Office Supplies,Storage,"Fellowes Box, Industrial",85,8,0.47,-32.3616,3.54,Medium,2014
ID-2013-57333,9/5/2013,11/5/2013,Second Class,Muhammed Yedwab,Corporate,Australian Capital Territory,Australia,APAC,Oceania,OFF-EN-10001958,Office Supplies,Envelopes,"GlobeWeis Clasp Envelope, Security-Tint",15,2,0.4,-7.14,3.0,Critical,2013
ES-2013-5056342,9/12/2013,15-12-2013,Standard Class,Rick Duston,Consumer,England,United Kingdom,EU,North,OFF-BI-10002225,Office Supplies,Binders,"Cardinal Binding Machine, Durable",256,5,0.0,89.7,26.26,Low,2013
CA-2011-131947,17-09-2011,22-09-2011,Standard Class,Joseph Airdo,Consumer,Oregon,United States,US,West,OFF-AR-10001473,Office Supplies,Art,Newell 313,5,2,0.2,0.4592,0.24,Medium,2011
HR-2014-1830,17-09-2014,20-09-2014,First Class,Theresa Swint,Corporate,Splitsko-Dalmatinska,Croatia,EMEA,EMEA,OFF-AVE-10002024,Office Supplies,Binders,"Avery Index Tab, Durable",7,1,0.0,1.71,0.72,Medium,2014
SF-2013-1600,9/3/2013,13-03-2013,Standard Class,Sharelle Roach,Home Office,Gauteng,South Africa,Africa,Africa,OFF-AME-10000870,Office Supplies,Envelopes,"Ames Peel and Seal, Recycled",17,1,0.0,6.12,1.93,High,2013
IR-2011-4250,15-09-2011,19-09-2011,Second Class,Tim Brockman,Consumer,Kermanshah,Iran,EMEA,EMEA,TEC-STA-10000008,Technology,Machines,"StarTech Calculator, Wireless",40,1,0.0,2.37,3.46,Medium,2011
CA-2012-103835,24-09-2012,28-09-2012,Standard Class,Shaun Chance,Corporate,California,United States,US,West,OFF-AP-10002651,Office Supplies,Appliances,Hoover Upright Vacuum With Dirt Cup,"1,158",4,0.0,335.8548,56.16,Medium,2012
SG-2013-5580,19-09-2013,23-09-2013,Standard Class,Dorris liebe,Corporate,Saint-Louis,Senegal,Africa,Africa,TEC-KON-10001624,Technology,Machines,"Konica Receipt Printer, Durable",245,2,0.0,70.92,18.34,Medium,2013
IN-2014-20338,21-09-2014,26-09-2014,Standard Class,Victoria Brennan,Corporate,National Capital,Philippines,APAC,Southeast Asia,OFF-AR-10004219,Office Supplies,Art,"Sanford Pencil Sharpener, Easy-Erase",30,2,0.45,2.679,1.99,Medium,2014
MX-2014-130890,25-09-2014,29-09-2014,Standard Class,Marc Harrigan,Home Office,México,Mexico,LATAM,North,FUR-BO-10003297,Furniture,Bookcases,"Ikea 3-Shelf Cabinet, Metal",151,2,0.2,-28.4,8.5,High,2014
IT-2014-5878187,25-09-2014,28-09-2014,First Class,Barry Französisch,Corporate,North Holland,Netherlands,EU,Central,OFF-ST-10002905,Office Supplies,Storage,"Rogers Box, Single Width",48,4,0.5,-36.48,3.22,Medium,2014
CA-2011-137911,9/10/2011,15-10-2011,Standard Class,Bart Pistole,Corporate,North Carolina,United States,US,South,OFF-PA-10004071,Office Supplies,Paper,"Eaton Premium Continuous-Feed Paper, 25% Cotton, Letter Size, White, 1000 Shts/Box",89,2,0.2,31.0688,5.24,Medium,2011
MX-2014-104941,26-09-2014,30-09-2014,Second Class,Nick Radford,Consumer,Chihuahua,Mexico,LATAM,North,OFF-AR-10000461,Office Supplies,Art,"Binney & Smith Highlighters, Water Color",26,2,0.0,2.6,2.21,Medium,2014
IN-2013-12036,25-09-2013,2/10/2013,Standard Class,Dean percer,Home Office,Beijing,China,APAC,North Asia,FUR-CH-10002213,Furniture,Chairs,"Hon Executive Leather Armchair, Black",457,1,0.0,45.69,54.36,Low,2013
MX-2014-145828,9/4/2014,13-04-2014,Standard Class,Chloris Kastensmidt,Consumer,São Paulo,Brazil,LATAM,South,OFF-AR-10002535,Office Supplies,Art,"Stanley Markers, Water Color",68,4,0.0,17.52,4.58,Medium,2014
MX-2014-158505,24-09-2014,29-09-2014,Standard Class,Thomas Boland,Corporate,Coahuila,Mexico,LATAM,North,OFF-AP-10002317,Office Supplies,Appliances,"Hamilton Beach Refrigerator, Silver",668,2,0.0,287.16,34.84,Medium,2014
IT-2012-1314917,9/9/2012,14-09-2012,Standard Class,Luke Schmidt,Corporate,Nord-Pas-de-Calais,France,EU,Central,OFF-AP-10000304,Office Supplies,Appliances,"Breville Stove, Red",505,1,0.1,44.916,31.58,Medium,2012
US-2014-118794,9/9/2014,12/9/2014,First Class,Stefanie Holloman,Corporate,Santa Fe,Argentina,LATAM,South,OFF-ST-10001440,Office Supplies,Storage,"Eldon Shelving, Blue",77,4,0.4,8.992,11.29,High,2014
MX-2014-158386,18-09-2014,18-09-2014,Same Day,Gary McGarr,Consumer,Pichincha,Ecuador,LATAM,South,FUR-FU-10004903,Furniture,Furnishings,"Eldon Light Bulb, Black",50,3,0.0,14.58,17.61,Critical,2014
ES-2012-2223892,22-09-2012,24-09-2012,First Class,Katrina Edelman,Corporate,Utrecht,Netherlands,EU,Central,TEC-CO-10000620,Technology,Copiers,"Brother Wireless Fax, Digital",189,1,0.5,-155.175,42.15,High,2012
CA-2014-112004,26-09-2014,29-09-2014,First Class,Adam Hart,Corporate,Pennsylvania,United States,US,East,OFF-BI-10003476,Office Supplies,Binders,Avery Metallic Poly Binders,9,5,0.7,-6.303,1.37,Medium,2014
IV-2012-7600,21-09-2012,24-09-2012,Second Class,Theresa Coyne,Corporate,Vallee Du Bandama,Cote d'Ivoire,Africa,Africa,TEC-CIS-10002565,Technology,Phones,"Cisco Speaker Phone, Full Size",140,1,0.0,47.52,13.29,Medium,2012
IT-2013-2925328,25-09-2013,27-09-2013,Second Class,Liz Pelletier,Consumer,Limburg,Netherlands,EU,Central,OFF-AR-10000724,Office Supplies,Art,"Boston Pens, Fluorescent",15,2,0.5,-10.26,0.78,Medium,2013
AG-2012-8490,18-09-2012,23-09-2012,Standard Class,Liz Carlisle,Consumer,Batna,Algeria,Africa,Africa,OFF-WIL-10002153,Office Supplies,Binders,"Wilson Jones 3-Hole Punch, Clear",27,1,0.0,7.68,1.85,Medium,2012
ID-2012-78207,18-09-2012,21-09-2012,Second Class,Anne McFarland,Consumer,Jawa Barat,Indonesia,APAC,Southeast Asia,OFF-AP-10001621,Office Supplies,Appliances,"Hamilton Beach Refrigerator, Black","2,488",6,0.17,-269.7912,562.14,Critical,2012
CA-2013-168557,20-09-2013,24-09-2013,Standard Class,Frank Hawley,Corporate,California,United States,US,West,OFF-BI-10002309,Office Supplies,Binders,Avery Heavy-Duty EZD  Binder With Locking Rings,9,2,0.2,3.1248,0.7,Medium,2013
UP-2014-1400,26-09-2014,2/10/2014,Standard Class,Irene Maddox,Consumer,Poltava,Ukraine,EMEA,EMEA,OFF-AVE-10000432,Office Supplies,Binders,"Avery Index Tab, Clear",12,2,0.0,3.12,0.94,Medium,2014
CA-2012-149972,21-09-2012,23-09-2012,First Class,Cynthia Delaney,Home Office,California,United States,US,West,FUR-CH-10004997,Furniture,Chairs,Hon Every-Day Series Multi-Task Chairs,602,4,0.2,0.0,27.14,High,2012
IN-2013-52419,9/5/2013,13-05-2013,Standard Class,Katherine Ducich,Consumer,Th? Dô Hà N?i,Vietnam,APAC,Southeast Asia,OFF-LA-10003627,Office Supplies,Labels,"Novimex Round Labels, Adjustable",14,4,0.17,0.8844,1.2,Medium,2013
CA-2013-156685,9/7/2013,11/7/2013,Second Class,Scot Coram,Corporate,Texas,United States,US,Central,OFF-AR-10000588,Office Supplies,Art,Newell 345,48,3,0.2,3.5712,3.7,Medium,2013
IN-2013-15466,27-09-2013,2/10/2013,Standard Class,Herbert Flentye,Consumer,Fujian,China,APAC,North Asia,OFF-FA-10003378,Office Supplies,Fasteners,"Accos Push Pins, Metal",73,5,0.0,28.5,2.66,Medium,2013
CA-2013-130078,9/8/2013,15-08-2013,Standard Class,Charles Crestani,Consumer,Oklahoma,United States,US,Central,OFF-PA-10003270,Office Supplies,Paper,Xerox 1954,11,2,0.0,4.752,1.14,Medium,2013
RS-2012-6690,25-09-2012,27-09-2012,First Class,Aleksandra Gannaway,Corporate,Dagestan,Russia,EMEA,EMEA,OFF-SAN-10002323,Office Supplies,Art,"Sanford Sketch Pad, Fluorescent",93,2,0.0,43.92,14.29,Medium,2012
ID-2011-61876,9/2/2011,15-02-2011,Standard Class,Daniel Raglin,Home Office,Daejeon,South Korea,APAC,North Asia,OFF-BI-10002632,Office Supplies,Binders,"Acco Binding Machine, Recycled",26,1,0.5,-11.835,1.27,Medium,2011
IN-2014-71235,17-09-2014,17-09-2014,Same Day,Noah Childs,Corporate,Queensland,Australia,APAC,Oceania,OFF-PA-10000453,Office Supplies,Paper,"Xerox Cards & Envelopes, 8.5 x 11",88,2,0.1,24.498,5.95,Medium,2014
US-2011-114342,21-09-2011,21-09-2011,Same Day,Larry Blacks,Consumer,San Juan,Argentina,LATAM,South,FUR-BO-10004340,Furniture,Bookcases,"Safco Classic Bookcase, Mobile",705,4,0.4,-411.328,128.72,High,2011
MX-2011-117107,15-10-2011,19-10-2011,Standard Class,Jack Garza,Consumer,Distrito Federal,Mexico,LATAM,North,OFF-ST-10000442,Office Supplies,Storage,"Rogers Box, Wire Frame",15,1,0.0,2.9,0.69,Medium,2011
ES-2012-5195118,10/10/2012,17-10-2012,Standard Class,Skye Norling,Home Office,England,United Kingdom,EU,North,TEC-PH-10003439,Technology,Phones,"Apple Audio Dock, VoIP",334,2,0.0,106.86,40.69,Low,2012
IN-2014-59475,16-10-2014,21-10-2014,Second Class,Aaron Smayling,Corporate,Kalimantan Timur,Indonesia,APAC,Southeast Asia,FUR-FU-10002335,Furniture,Furnishings,"Rubbermaid Light Bulb, Durable",23,2,0.27,0.3102,1.42,Medium,2014
IN-2011-46413,28-10-2011,28-10-2011,Same Day,Raymond Messe,Consumer,West Bengal,India,APAC,Central Asia,FUR-CH-10000602,Furniture,Chairs,"Novimex Executive Leather Armchair, Red","2,301",5,0.0,91.95,573.27,Critical,2011
IR-2013-6870,22-10-2013,27-10-2013,Standard Class,Ed Ludwig,Home Office,Fars,Iran,EMEA,EMEA,OFF-SME-10003305,Office Supplies,Labels,"Smead File Folder Labels, Adjustable",7,1,0.0,0.39,0.41,Medium,2013
CA-2014-147277,21-10-2014,25-10-2014,Standard Class,Ed Braxton,Corporate,Ohio,United States,US,East,OFF-ST-10000142,Office Supplies,Storage,Deluxe Rollaway Locking File with Drawer,665,2,0.2,66.5408,2.57,Medium,2014
CA-2014-155558,27-10-2014,3/11/2014,Standard Class,Paul Gonzalez,Consumer,Minnesota,United States,US,Central,OFF-LA-10000134,Office Supplies,Labels,Avery 511,6,2,0.0,2.9568,0.23,Low,2014
IT-2013-4559122,10/9/2013,15-09-2013,Second Class,Anne McFarland,Consumer,Zürich,Switzerland,EU,Central,OFF-ST-10000952,Office Supplies,Storage,"Smead File Cart, Blue",382,3,0.0,3.78,50.2,Medium,2013
MX-2012-118248,22-10-2012,24-10-2012,Second Class,Larry Blacks,Consumer,Holguín,Cuba,LATAM,Caribbean,OFF-PA-10000362,Office Supplies,Paper,"Xerox Parchment Paper, Premium",44,5,0.0,8.8,9.06,High,2012
IN-2011-44558,10/11/2011,15-11-2011,Standard Class,Ross Baird,Home Office,Maharashtra,India,APAC,Central Asia,OFF-EN-10002671,Office Supplies,Envelopes,"GlobeWeis Interoffice Envelope, with clear poly window",205,4,0.0,28.68,19.87,Medium,2011
US-2012-126284,15-10-2012,21-10-2012,Standard Class,Tonja Turnell,Home Office,Aragua,Venezuela,LATAM,South,OFF-FA-10002782,Office Supplies,Fasteners,"Accos Thumb Tacks, Assorted Sizes",9,2,0.4,-1.336,0.31,Medium,2012
CA-2012-146829,10/3/2012,10/3/2012,Same Day,Toby Swindell,Consumer,Texas,United States,US,Central,OFF-BI-10004022,Office Supplies,Binders,Acco Suede Grain Vinyl Round Ring Binder,1,2,0.8,-1.8904,0.06,High,2012
IN-2014-18917,27-10-2014,29-10-2014,Second Class,Alejandro Grove,Consumer,Gansu,China,APAC,North Asia,TEC-PH-10000822,Technology,Phones,"Apple Speaker Phone, Full Size",249,2,0.0,59.76,30.12,High,2014
ES-2012-3770443,10/4/2012,16-04-2012,Standard Class,Trudy Brown,Consumer,Bavaria,Germany,EU,Central,OFF-FA-10004359,Office Supplies,Fasteners,"OIC Paper Clips, Assorted Sizes",36,3,0.0,8.91,3.06,Medium,2012
IN-2014-81399,15-10-2014,21-10-2014,Standard Class,Cindy Schnelling,Corporate,Canterbury,New Zealand,APAC,Oceania,OFF-SU-10001891,Office Supplies,Supplies,"Stiletto Box Cutter, Easy Grip",38,1,0.0,11.25,2.18,Medium,2014
UP-2012-5910,22-10-2012,27-10-2012,Standard Class,Rick Hansen,Consumer,L'viv,Ukraine,EMEA,EMEA,OFF-IBI-10000951,Office Supplies,Binders,"Ibico Binder Covers, Economy",14,1,0.0,1.89,0.99,Medium,2012
CA-2012-150413,19-10-2012,24-10-2012,Second Class,Cari Schnelling,Consumer,Texas,United States,US,Central,OFF-BI-10000404,Office Supplies,Binders,Avery Printable Repositionable Plastic Tabs,2,1,0.8,-2.838,0.16,Medium,2012
ID-2012-13268,10/12/2012,14-12-2012,Standard Class,Evan Henry,Consumer,New South Wales,Australia,APAC,Oceania,TEC-CO-10002380,Technology,Copiers,"Canon Fax and Copier, High-Speed",341,2,0.1,-7.608,24.87,Medium,2012
MA-2013-1850,14-10-2013,15-10-2013,First Class,Duane Huffman,Home Office,Analamanga,Madagascar,Africa,Africa,TEC-STA-10003330,Technology,Machines,"StarTech Printer, Red","1,520",6,0.0,653.4,286.2,Critical,2013
US-2013-128482,29-10-2013,3/11/2013,Standard Class,Toby Braunhardt,Consumer,Atlántida,Honduras,LATAM,Central,TEC-PH-10000087,Technology,Phones,"Apple Signal Booster, Cordless",391,7,0.4,-221.34,26.11,Medium,2013
US-2014-160164,16-10-2014,19-10-2014,Second Class,Herbert Flentye,Consumer,Bahia,Brazil,LATAM,South,TEC-PH-10001602,Technology,Phones,"Samsung Office Telephone, Full Size",71,4,0.6,-51.456,6.84,High,2014
IT-2012-2834141,10/4/2012,14-04-2012,Standard Class,Lisa DeCherney,Consumer,South Holland,Netherlands,EU,Central,OFF-PA-10002534,Office Supplies,Paper,"Green Bar Memo Slips, Multicolor",28,3,0.5,-7.74,1.9,Medium,2012
MX-2014-143763,22-10-2014,26-10-2014,Standard Class,Brosina Hoffman,Consumer,Pernambuco,Brazil,LATAM,South,OFF-LA-10003820,Office Supplies,Labels,"Novimex Color Coded Labels, Adjustable",34,5,0.0,7.9,3.52,Medium,2014
US-2013-131912,30-10-2013,2/11/2013,Second Class,Logan Haushalter,Consumer,California,United States,US,West,OFF-BI-10004236,Office Supplies,Binders,"XtraLife ClearVue Slant-D Ring Binder, White, 3""",12,1,0.2,3.8168,2.67,Critical,2013
CA-2013-147368,10/6/2013,13-06-2013,First Class,Toby Carlisle,Consumer,Florida,United States,US,South,TEC-MA-10002178,Technology,Machines,Cisco CP-7937G Unified IP Conference Station Phone,696,2,0.5,-27.828,356.68,Critical,2013
ES-2014-2022735,13-10-2014,16-10-2014,Second Class,Grace Kelly,Corporate,North Rhine-Westphalia,Germany,EU,Central,TEC-PH-10004635,Technology,Phones,"Samsung Office Telephone, with Caller ID",130,2,0.0,30.0,15.48,Medium,2014
SA-2012-7870,10/8/2012,12/8/2012,First Class,Nick Radford,Consumer,Makkah,Saudi Arabia,EMEA,EMEA,TEC-SAN-10004424,Technology,Accessories,"SanDisk Router, Bluetooth",513,2,0.0,199.92,77.92,High,2012
US-2012-161053,14-10-2012,18-10-2012,Standard Class,Brenda Bowman,Corporate,Tabasco,Mexico,LATAM,North,FUR-FU-10004787,Furniture,Furnishings,"Advantus Frame, Durable",87,2,0.4,-51.92,5.11,Medium,2012
AO-2014-2110,17-10-2014,22-10-2014,Second Class,Emily Phan,Consumer,Huambo,Angola,Africa,Africa,OFF-ACC-10001285,Office Supplies,Binders,"Acco Index Tab, Clear",34,4,0.0,5.4,3.59,High,2014
US-2012-138093,10/12/2012,16-12-2012,Standard Class,Kalyca Meade,Corporate,Maryland,United States,US,East,OFF-PA-10001509,Office Supplies,Paper,"Recycled Desk Saver Line ""While You Were Out"" Book, 5 1/2"" X 4""",45,5,0.0,20.585,4.19,Medium,2012
IN-2014-53070,28-10-2014,28-10-2014,Same Day,Brad Eason,Home Office,Jakarta,Indonesia,APAC,Southeast Asia,FUR-FU-10002246,Furniture,Furnishings,"Tenex Frame, Duo Pack",643,8,0.27,105.5136,108.46,High,2014
US-2012-138464,22-10-2012,26-10-2012,Standard Class,Tony Sayre,Consumer,Panama,Panama,LATAM,Central,TEC-CO-10001371,Technology,Copiers,"Sharp Fax and Copier, Laser",67,1,0.402,-44.0648,5.28,High,2012
ES-2013-3046064,10/12/2013,15-12-2013,Standard Class,Carl Jackson,Corporate,Emilia-Romagna,Italy,EU,South,OFF-AR-10000594,Office Supplies,Art,"Binney & Smith Highlighters, Water Color",20,1,0.0,8.28,0.79,Medium,2013
CA-2014-100951,10/6/2014,11/6/2014,First Class,Noah Childs,Corporate,Texas,United States,US,Central,OFF-ST-10001496,Office Supplies,Storage,Standard Rollaway File with Lock,721,5,0.2,54.057,55.4,Medium,2014
CA-2014-152807,31-10-2014,4/11/2014,Standard Class,Mick Crebagga,Consumer,Pennsylvania,United States,US,East,OFF-PA-10004355,Office Supplies,Paper,Xerox 231,21,4,0.2,7.2576,3.29,High,2014
CA-2011-125731,10/9/2011,16-09-2011,Standard Class,Clay Ludtke,Consumer,Oregon,United States,US,West,OFF-EN-10003072,Office Supplies,Envelopes,Peel & Seel Envelopes,22,7,0.2,7.6048,1.1,Medium,2011
TO-2013-3020,10/6/2013,15-06-2013,Standard Class,Ann Steele,Home Office,Maritime,Togo,Africa,Africa,OFF-WIL-10001069,Office Supplies,Binders,"Wilson Jones Hole Reinforcements, Clear",8,2,0.0,0.84,0.66,Medium,2013
IZ-2014-2130,10/12/2014,16-12-2014,Standard Class,Justin Deggeller,Corporate,Baghdad,Iraq,EMEA,EMEA,OFF-ADV-10004274,Office Supplies,Fasteners,"Advantus Thumb Tacks, Metal",14,1,0.0,2.58,0.4,Medium,2014
IR-2013-6870,22-10-2013,27-10-2013,Standard Class,Ed Ludwig,Home Office,Fars,Iran,EMEA,EMEA,OFF-BIN-10001715,Office Supplies,Art,"Binney & Smith Canvas, Easy-Erase",52,1,0.0,8.76,5.29,Medium,2013
IR-2014-1670,23-10-2014,26-10-2014,First Class,Jill Matthias,Consumer,Ardabil,Iran,EMEA,EMEA,OFF-CAR-10004661,Office Supplies,Binders,"Cardinal Binding Machine, Recycled",50,1,0.0,10.5,12.23,Critical,2014
US-2013-161697,28-10-2013,30-10-2013,First Class,Joseph Airdo,Consumer,Francisco Morazán,Honduras,LATAM,Central,OFF-BI-10004470,Office Supplies,Binders,"Wilson Jones Index Tab, Durable",22,7,0.4,-6.72,7.08,Critical,2013
MX-2014-160241,10/12/2014,12/12/2014,Second Class,Craig Leslie,Home Office,São Paulo,Brazil,LATAM,South,FUR-BO-10004508,Furniture,Bookcases,"Ikea Floating Shelf Set, Mobile",576,5,0.0,242.0,150.88,Critical,2014
CA-2011-143182,15-10-2011,20-10-2011,Standard Class,Dan Lawera,Consumer,Florida,United States,US,South,FUR-FU-10004270,Furniture,Furnishings,"Executive Impressions 13"" Clairmont Wall Clock",15,1,0.2,4.0383,0.62,High,2011
IN-2014-31321,27-10-2014,3/11/2014,Standard Class,Justin Ritter,Corporate,Western Australia,Australia,APAC,Oceania,TEC-PH-10000822,Technology,Phones,"Apple Speaker Phone, Full Size",224,2,0.1,34.842,21.23,Medium,2014
MX-2011-140697,10/1/2011,15-01-2011,Standard Class,Paul MacIntyre,Consumer,México,Mexico,LATAM,North,OFF-SU-10003739,Office Supplies,Supplies,"Elite Scissors, Easy Grip",16,1,0.0,1.76,0.89,Medium,2011
ES-2013-3394564,17-10-2013,22-10-2013,Second Class,Aaron Hawkins,Corporate,England,United Kingdom,EU,North,OFF-AR-10001418,Office Supplies,Art,"BIC Markers, Easy-Erase",53,2,0.0,14.94,5.85,Medium,2013
IN-2014-60175,14-10-2014,19-10-2014,Standard Class,Heather Jas,Home Office,Perak,Malaysia,APAC,Southeast Asia,OFF-BI-10004369,Office Supplies,Binders,"Ibico Hole Reinforcements, Recycled",22,3,0.0,7.92,1.72,Medium,2014
US-2013-128965,17-10-2013,20-10-2013,First Class,Sandra Glassco,Consumer,Distrito Federal,Mexico,LATAM,North,FUR-TA-10000310,Furniture,Tables,"Barricks Training Table, Rectangular",168,1,0.2,-40.016,14.77,Medium,2013
TU-2014-6570,10/9/2014,14-09-2014,Standard Class,Maria Zettner,Home Office,Antalya,Turkey,EMEA,EMEA,OFF-ROG-10003300,Office Supplies,Storage,"Rogers Box, Wire Frame",18,2,0.6,-22.128,2.2,High,2014
IN-2013-13387,24-10-2013,25-10-2013,First Class,Andy Gerbode,Corporate,Andhra Pradesh,India,APAC,Central Asia,OFF-PA-10003686,Office Supplies,Paper,"SanDisk Message Books, Multicolor",76,3,0.0,2.25,5.06,High,2013
TU-2011-6180,27-10-2011,2/11/2011,Standard Class,Carol Triggs,Consumer,Kirsehir,Turkey,EMEA,EMEA,TEC-STA-10002497,Technology,Machines,"StarTech Card Printer, White",130,2,0.6,-142.512,4.2,Medium,2011
ES-2014-2298874,10/4/2014,12/4/2014,Second Class,Craig Carroll,Consumer,England,United Kingdom,EU,North,TEC-PH-10001732,Technology,Phones,"Samsung Audio Dock, Cordless",509,3,0.0,91.62,69.56,Critical,2014
IT-2012-1319120,16-10-2012,20-10-2012,Standard Class,Maurice Satty,Consumer,Lombardy,Italy,EU,South,TEC-MA-10004933,Technology,Machines,"Konica Phone, Wireless",362,7,0.4,-120.792,36.9,High,2012
IZ-2012-3720,17-10-2012,21-10-2012,Standard Class,Philip Brown,Consumer,Al Basrah,Iraq,EMEA,EMEA,TEC-SHA-10001413,Technology,Copiers,"Sharp Personal Copier, Color",121,1,0.0,32.76,5.27,Medium,2012
MO-2014-8700,10/5/2014,13-05-2014,First Class,Mike Kennedy,Consumer,Grand Casablanca,Morocco,Africa,Africa,OFF-CAR-10004886,Office Supplies,Binders,"Cardinal Binder, Economy",28,2,0.0,10.2,3.41,Medium,2014
IN-2013-60364,10/4/2013,16-04-2013,Standard Class,Max Ludwig,Home Office,New South Wales,Australia,APAC,Oceania,OFF-ST-10002650,Office Supplies,Storage,"Fellowes Lockers, Wire Frame",743,4,0.1,181.56,13.49,Medium,2013
CA-2013-142545,29-10-2013,4/11/2013,Standard Class,Jonathan Doherty,Corporate,New Jersey,United States,US,East,OFF-BI-10002706,Office Supplies,Binders,Avery Premier Heavy-Duty Binder with Round Locking Rings,14,1,0.0,6.5688,0.87,Medium,2013
MX-2013-127880,21-10-2013,26-10-2013,Second Class,Steven Ward,Corporate,Managua,Nicaragua,LATAM,Central,OFF-EN-10000139,Office Supplies,Envelopes,"Ames Manila Envelope, Recycled",47,3,0.0,7.98,4.26,Medium,2013
IN-2013-59888,16-10-2013,18-10-2013,First Class,Corey Roper,Home Office,Australian Capital Territory,Australia,APAC,Oceania,TEC-AC-10002455,Technology,Accessories,"Logitech Flash Drive, Programmable",38,2,0.4,-5.148,6.5,High,2013
US-2011-153017,24-10-2011,28-10-2011,Second Class,Alex Grayson,Consumer,Francisco Morazán,Honduras,LATAM,Central,OFF-LA-10001230,Office Supplies,Labels,"Smead Removable Labels, Adjustable",24,7,0.4,-8.26,2.02,Medium,2011
ES-2012-5959969,30-10-2012,4/11/2012,Standard Class,Anthony Jacobs,Corporate,Alsace,France,EU,Central,OFF-AP-10004869,Office Supplies,Appliances,"KitchenAid Toaster, White",225,3,0.1,75.042,26.44,Medium,2012
CA-2011-124394,17-10-2011,22-10-2011,Second Class,Tracy Blumstein,Consumer,Texas,United States,US,Central,TEC-AC-10001314,Technology,Accessories,Case Logic 2.4GHz Wireless Keyboard,120,3,0.2,-17.9964,10.86,Medium,2011
CA-2012-158659,10/11/2012,14-11-2012,Second Class,Steve Chapman,Corporate,Indiana,United States,US,Central,OFF-ST-10003306,Office Supplies,Storage,Letter Size Cart,714,5,0.0,207.147,60.51,High,2012
CA-2013-154018,14-10-2013,20-10-2013,Standard Class,Helen Andreada,Consumer,Texas,United States,US,Central,OFF-BI-10004140,Office Supplies,Binders,Avery Non-Stick Binders,6,7,0.8,-11.0005,0.35,Low,2013
IT-2011-2600640,20-10-2011,27-10-2011,Standard Class,Sandra Flanagan,Consumer,Berlin,Germany,EU,Central,OFF-BI-10000972,Office Supplies,Binders,"Acco 3-Hole Punch, Economy",27,1,0.1,2.688,1.17,Medium,2011
CA-2012-114300,13-10-2012,17-10-2012,Standard Class,Art Foster,Consumer,Kentucky,United States,US,South,TEC-PH-10001552,Technology,Phones,I Need's 3d Hello Kitty Hybrid Silicone Case Cover for HTC One X 4g with 3d Hello Kitty Stylus Pen Green/pink,84,7,0.0,23.4416,4.31,Medium,2012
US-2011-112991,10/12/2011,14-12-2011,Standard Class,Sally Hughsby,Corporate,Idaho,United States,US,West,OFF-PA-10000019,Office Supplies,Paper,Xerox 1931,26,4,0.0,12.4416,1.47,Medium,2011
CA-2013-125815,29-10-2013,2/11/2013,Second Class,Denise Leinenbach,Consumer,New York,United States,US,East,OFF-AR-10004441,Office Supplies,Art,BIC Brite Liner Highlighters,12,3,0.0,5.2164,1.66,High,2013
CA-2011-113383,10/9/2011,13-09-2011,First Class,Sandra Flanagan,Consumer,New Jersey,United States,US,East,FUR-FU-10001986,Furniture,Furnishings,"Dana Fluorescent Magnifying Lamp, White, 36""",255,5,0.0,76.47,39.53,High,2011
IT-2013-4191455,10/8/2013,14-08-2013,Standard Class,Charlotte Melton,Consumer,Lazio,Italy,EU,South,FUR-CH-10001582,Furniture,Chairs,"Office Star Executive Leather Armchair, Black",561,3,0.6,-743.274,89.55,High,2013
CA-2013-138478,22-10-2013,27-10-2013,Second Class,Dennis Pardue,Home Office,Nevada,United States,US,West,OFF-AR-10002240,Office Supplies,Art,Panasonic KP-150 Electric Pencil Sharpener,113,3,0.0,29.4372,13.66,Medium,2013
MO-2011-3300,26-10-2011,30-10-2011,Standard Class,Bart Folk,Consumer,Doukkala-Abda,Morocco,Africa,Africa,FUR-TEN-10000525,Furniture,Furnishings,"Tenex Clock, Black",302,6,0.0,75.24,17.63,Medium,2011
ES-2012-2287053,10/1/2012,11/1/2012,First Class,Carlos Soltero,Consumer,Stockholm,Sweden,EU,North,OFF-AP-10004201,Office Supplies,Appliances,"Breville Refrigerator, White","1,294",5,0.5,-776.325,274.58,Critical,2012
MX-2013-154144,31-10-2013,5/11/2013,Standard Class,Lynn Smith,Consumer,Amazonas,Brazil,LATAM,South,OFF-PA-10001495,Office Supplies,Paper,"Xerox Parchment Paper, Recycled",35,4,0.0,2.08,4.56,High,2013
CA-2014-130211,23-10-2014,23-10-2014,Same Day,Brian DeCherney,Consumer,Oklahoma,United States,US,Central,OFF-ST-10000129,Office Supplies,Storage,Fellowes Recycled Storage Drawers,333,3,0.0,23.3163,58.9,High,2014
US-2013-143644,30-10-2013,4/11/2013,Standard Class,Astrea Jones,Consumer,Cortés,Honduras,LATAM,Central,OFF-PA-10004421,Office Supplies,Paper,"Enermax Memo Slips, Multicolor",20,3,0.4,-0.696,1.55,High,2013
US-2012-168732,10/12/2012,16-12-2012,Standard Class,Khloe Miller,Consumer,Georgia,United States,US,South,OFF-PA-10000520,Office Supplies,Paper,Xerox 201,26,4,0.0,12.4416,2.04,Medium,2012
MA-2014-6360,10/5/2014,13-05-2014,Second Class,Marc Crier,Consumer,Analamanga,Madagascar,Africa,Africa,TEC-LOG-10001871,Technology,Accessories,"Logitech Router, USB",495,2,0.0,59.4,27.28,Medium,2014
ID-2013-62352,28-10-2013,2/11/2013,Standard Class,Sarah Foster,Consumer,Hubei,China,APAC,North Asia,OFF-LA-10003381,Office Supplies,Labels,"Novimex Removable Labels, Laser Printer Compatible",29,3,0.0,14.49,2.29,Medium,2013
IN-2011-25588,10/12/2011,16-12-2011,Standard Class,Bart Folk,Consumer,Dhaka,Bangladesh,APAC,Central Asia,OFF-AR-10001823,Office Supplies,Art,"BIC Highlighters, Blue",133,7,0.0,66.15,11.54,Medium,2011
CA-2011-145387,31-10-2011,2/11/2011,Second Class,Anne McFarland,Consumer,Rhode Island,United States,US,East,FUR-CH-10002320,Furniture,Chairs,Hon Pagoda Stacking Chairs,"1,605",5,0.0,481.47,289.82,Medium,2011
IN-2014-69527,31-10-2014,2/11/2014,First Class,John Grady,Corporate,Rajasthan,India,APAC,Central Asia,FUR-CH-10002631,Furniture,Chairs,"Office Star Bag Chairs, Black",106,2,0.0,9.54,5.02,Medium,2014
ES-2013-4851162,18-10-2013,21-10-2013,Second Class,Anna Gayman,Consumer,Lorraine,France,EU,Central,OFF-AR-10001720,Office Supplies,Art,"Stanley Canvas, Blue",49,1,0.0,7.89,5.96,High,2013
IN-2014-42801,11/9/2014,16-09-2014,Standard Class,Jennifer Patt,Corporate,Telangana,India,APAC,Central Asia,TEC-AC-10000269,Technology,Accessories,"Memorex Numeric Keypad, USB",172,4,0.0,27.48,18.42,Medium,2014
IT-2014-5637241,24-11-2014,29-11-2014,Standard Class,Thomas Thornton,Consumer,Galicia,Spain,EU,South,OFF-BI-10000115,Office Supplies,Binders,"Acco Hole Reinforcements, Clear",18,3,0.0,0.72,1.36,Medium,2014
ES-2014-1848240,11/2/2014,13-02-2014,First Class,Mitch Gastineau,Corporate,Vienna,Austria,EU,Central,TEC-MA-10003079,Technology,Machines,"Panasonic Card Printer, Wireless",174,1,0.0,24.33,25.43,Medium,2014
AG-2012-4910,16-11-2012,22-11-2012,Standard Class,Karen Ferguson,Home Office,Alger,Algeria,Africa,Africa,OFF-TEN-10000894,Office Supplies,Storage,"Tenex Folders, Single Width",47,2,0.0,9.72,2.47,Medium,2012
ES-2013-4020783,25-11-2013,27-11-2013,Second Class,Parhena Norris,Home Office,Castile-La Mancha,Spain,EU,South,OFF-AR-10001228,Office Supplies,Art,"Stanley Markers, Water Color",76,3,0.0,25.11,4.48,Medium,2013
CA-2012-200,26-11-2012,30-11-2012,Standard Class,Art Ferguson,Consumer,Ontario,Canada,Canada,Canada,OFF-BIC-10002722,Office Supplies,Art,"BIC Pens, Water Color",17,1,0.0,7.14,3.5,High,2012
MX-2012-140018,11/6/2012,13-06-2012,Second Class,Jocasta Rupert,Consumer,México,Mexico,LATAM,North,OFF-ST-10000557,Office Supplies,Storage,"Tenex Box, Blue",33,3,0.0,3.6,2.57,High,2012
ID-2014-19813,14-11-2014,16-11-2014,First Class,Tom Boeckenhauer,Consumer,Queensland,Australia,APAC,Oceania,TEC-AC-10002335,Technology,Accessories,"Belkin Memory Card, USB",207,2,0.1,-16.104,49.1,High,2014
RO-2014-6420,11/9/2014,17-09-2014,Standard Class,Nathan Mautz,Home Office,Constanta,Romania,EMEA,EMEA,OFF-FEL-10004665,Office Supplies,Storage,"Fellowes Lockers, Blue",829,4,0.0,215.52,83.89,Medium,2014
CA-2012-490,20-11-2012,26-11-2012,Standard Class,Janet Lee,Consumer,Quebec,Canada,Canada,Canada,OFF-STO-10003605,Office Supplies,Fasteners,"Stockwell Paper Clips, Metal",13,1,0.0,0.36,0.15,Medium,2012
US-2014-136679,15-11-2014,19-11-2014,Standard Class,Xylona Preis,Consumer,Texas,United States,US,Central,TEC-AC-10004855,Technology,Accessories,V7 USB Numeric Keypad,168,6,0.2,-27.2922,8.83,Medium,2014
CA-2011-119151,25-11-2011,29-11-2011,Second Class,Mike Pelletier,Home Office,New York,United States,US,East,OFF-ST-10003470,Office Supplies,Storage,"Tennsco Snap-Together Open Shelving Units, Starter Sets and Add-On Units","1,118",4,0.0,55.896,105.31,High,2011
US-2014-109967,20-11-2014,25-11-2014,Standard Class,Katrina Bavinger,Home Office,Santa Catarina,Brazil,LATAM,South,FUR-FU-10003725,Furniture,Furnishings,"Advantus Light Bulb, Erganomic",15,3,0.6,-22.428,1.25,Medium,2014
IT-2014-1003060,19-11-2014,25-11-2014,Standard Class,Gary Hwang,Consumer,North Holland,Netherlands,EU,Central,OFF-AR-10001898,Office Supplies,Art,"Binney & Smith Pencil Sharpener, Fluorescent",27,2,0.5,-24.57,1.76,Medium,2014
ID-2013-85347,11/12/2013,17-12-2013,Standard Class,Nona Balk,Corporate,Queensland,Australia,APAC,Oceania,OFF-FA-10002444,Office Supplies,Fasteners,"Stockwell Clamps, 12 Pack",11,1,0.4,-5.994,0.8,Medium,2013
ES-2013-4858481,11/10/2013,15-10-2013,Standard Class,Noah Childs,Corporate,North Rhine-Westphalia,Germany,EU,Central,FUR-FU-10002557,Furniture,Furnishings,"Rubbermaid Stacking Tray, Erganomic",67,3,0.0,0.0,6.42,Medium,2013
ID-2014-56339,17-11-2014,24-11-2014,Standard Class,Anne Pryor,Home Office,Jakarta,Indonesia,APAC,Southeast Asia,FUR-FU-10002933,Furniture,Furnishings,"Advantus Stacking Tray, Erganomic",239,14,0.27,-39.312,35.05,Low,2014
IR-2014-1860,19-11-2014,24-11-2014,Standard Class,Sample Company A,Home Office,Khuzestan,Iran,EMEA,EMEA,FUR-SAF-10000565,Furniture,Chairs,"SAFCO Bag Chairs, Adjustable",52,1,0.0,9.33,7.08,High,2014
CA-2014-149160,24-11-2014,27-11-2014,Second Class,Janet Molinari,Corporate,Michigan,United States,US,Central,FUR-FU-10003347,Furniture,Furnishings,Coloredge Poster Frame,28,2,0.0,11.076,0.9,Medium,2014
MX-2012-127446,11/4/2012,11/4/2012,Same Day,Henry Goldwyn,Corporate,San Salvador,El Salvador,LATAM,Central,OFF-AR-10001659,Office Supplies,Art,"Boston Markers, Blue",53,3,0.0,13.68,17.1,Critical,2012
EG-2011-7790,11/6/2011,15-06-2011,Standard Class,Anthony Johnson,Corporate,Al Minya,Egypt,Africa,Africa,OFF-KRA-10000492,Office Supplies,Envelopes,"Kraft Manila Envelope, Recycled",25,1,0.0,4.53,4.07,High,2011
IT-2012-2157465,14-11-2012,18-11-2012,Standard Class,Cynthia Delaney,Home Office,Ile-de-France,France,EU,Central,FUR-BO-10004547,Furniture,Bookcases,"Bush Stackable Bookrack, Traditional",443,4,0.1,73.692,46.55,High,2012
RS-2014-9190,11/7/2014,15-07-2014,Standard Class,Stephanie Ulpright,Home Office,Irkutsk,Russia,EMEA,EMEA,TEC-HP -10004451,Technology,Copiers,"HP Ink, Laser",129,1,0.0,25.74,15.5,High,2014
PL-2014-6080,14-11-2014,18-11-2014,Standard Class,Frank Merwin,Home Office,Masovia,Poland,EMEA,EMEA,FUR-OFF-10004495,Furniture,Chairs,"Office Star Swivel Stool, Black",172,1,0.0,58.29,17.65,High,2014
IN-2011-22368,11/8/2011,18-08-2011,Standard Class,Janet Martin,Consumer,Jharkhand,India,APAC,Central Asia,OFF-LA-10004114,Office Supplies,Labels,"Avery File Folder Labels, Alphabetical",9,1,0.0,2.58,0.71,Low,2011
EG-2014-9390,11/6/2014,14-06-2014,First Class,Shui Tom,Consumer,Al Qahirah,Egypt,Africa,Africa,OFF-KLE-10004581,Office Supplies,Supplies,"Kleencut Trimmer, Easy Grip",172,4,0.0,41.28,43.57,Critical,2014
ID-2014-35038,24-11-2014,30-11-2014,Standard Class,Eric Murdock,Consumer,Ho Chí Minh City,Vietnam,APAC,Southeast Asia,FUR-BO-10001934,Furniture,Bookcases,"Bush Library with Doors, Metal",458,2,0.37,-210.9972,33.46,Medium,2014
CA-2013-4830,13-11-2013,19-11-2013,Standard Class,Peter Fuller,Consumer,Alberta,Canada,Canada,Canada,OFF-ACC-10000808,Office Supplies,Binders,"Acco 3-Hole Punch, Economy",60,2,0.0,11.4,4.16,Medium,2013
CA-2013-131065,15-11-2013,17-11-2013,Second Class,Allen Armold,Consumer,Georgia,United States,US,South,OFF-PA-10002479,Office Supplies,Paper,Xerox 4200 Series MultiUse Premium Copy Paper (20Lb. and 84 Bright),5,1,0.0,2.376,1.75,Critical,2013
IN-2014-17384,26-11-2014,27-11-2014,First Class,Corey-Lock,Consumer,Shaanxi,China,APAC,North Asia,FUR-CH-10003354,Furniture,Chairs,"Novimex Bag Chairs, Black",305,7,0.0,2.94,76.05,Critical,2014
IN-2012-10041,29-11-2012,1/12/2012,Second Class,Clay Rozendal,Home Office,New South Wales,Australia,APAC,Oceania,OFF-BI-10002562,Office Supplies,Binders,"Ibico Binding Machine, Durable",95,2,0.1,32.796,14.98,Critical,2012
MX-2012-154179,11/12/2012,16-12-2012,Standard Class,Erin Smith,Corporate,São Paulo,Brazil,LATAM,South,FUR-CH-10003107,Furniture,Chairs,"Office Star Swivel Stool, Red",348,3,0.0,97.38,28.1,Medium,2012
CA-2011-127558,15-11-2011,18-11-2011,First Class,Shahid Shariari,Consumer,California,United States,US,West,FUR-FU-10002505,Furniture,Furnishings,Eldon 100 Class Desk Accessories,10,3,0.0,3.2352,1.3,Medium,2011
MX-2013-101658,22-11-2013,28-11-2013,Standard Class,Dennis Kane,Consumer,Pinar del Río,Cuba,LATAM,Caribbean,OFF-BI-10004470,Office Supplies,Binders,"Wilson Jones Index Tab, Durable",16,3,0.0,3.48,1.5,Medium,2013
IT-2014-4709866,11/8/2014,17-08-2014,Standard Class,Joni Wasserman,Consumer,Stockholm,Sweden,EU,North,OFF-BI-10002570,Office Supplies,Binders,"Acco Binder Covers, Clear",32,5,0.5,-4.5,3.29,Medium,2014
ID-2014-86873,20-11-2014,23-11-2014,First Class,Christine Sundaresam,Consumer,Queensland,Australia,APAC,Oceania,TEC-MA-10002910,Technology,Machines,"Panasonic Inkjet, Red","1,113",6,0.4,-705.096,196.55,Critical,2014
CA-2014-161459,26-11-2014,30-11-2014,Second Class,Edward Becker,Corporate,California,United States,US,West,TEC-PH-10004071,Technology,Phones,PayAnywhere Card Reader,40,5,0.2,3.4965,3.06,Medium,2014
US-2013-152800,15-11-2013,19-11-2013,Second Class,Roy Skaria,Home Office,La Romana,Dominican Republic,LATAM,Caribbean,OFF-LA-10002868,Office Supplies,Labels,"Hon Removable Labels, 5000 Label Set",16,3,0.2,-1.284,0.69,Medium,2013
MX-2014-133298,11/4/2014,17-04-2014,Standard Class,Michelle Tran,Home Office,Jalisco,Mexico,LATAM,North,OFF-BI-10002483,Office Supplies,Binders,"Cardinal Hole Reinforcements, Clear",13,4,0.0,2.88,1.15,Medium,2014
TU-2014-6200,18-11-2014,22-11-2014,Standard Class,Adrian Barton,Consumer,Ankara,Turkey,EMEA,EMEA,TEC-EPS-10001129,Technology,Machines,"Epson Inkjet, White",122,1,0.6,-97.722,6.98,Medium,2014
IN-2012-71088,19-11-2012,24-11-2012,Standard Class,Harry Marie,Corporate,Beijing,China,APAC,North Asia,OFF-AR-10003582,Office Supplies,Art,"BIC Pencil Sharpener, Water Color",225,7,0.0,11.13,22.39,Medium,2012
IN-2012-37586,11/6/2012,14-06-2012,Second Class,Liz Preis,Consumer,National Capital,Philippines,APAC,Southeast Asia,OFF-LA-10004430,Office Supplies,Labels,"Avery Shipping Labels, Laser Printer Compatible",7,1,0.45,0.2175,0.42,Medium,2012
ES-2014-2426460,18-11-2014,22-11-2014,Standard Class,Yoseph Carroll,Corporate,Ile-de-France,France,EU,Central,OFF-AP-10003971,Office Supplies,Appliances,"Hoover Toaster, Red",226,3,0.1,-5.022,14.53,Medium,2014
MX-2012-154179,11/12/2012,16-12-2012,Standard Class,Erin Smith,Corporate,São Paulo,Brazil,LATAM,South,OFF-FA-10000801,Office Supplies,Fasteners,"Advantus Paper Clips, Assorted Sizes",19,2,0.0,6.12,2.21,Medium,2012
IN-2012-48338,15-11-2012,20-11-2012,Standard Class,Joel Jenkins,Home Office,Queensland,Australia,APAC,Oceania,OFF-AP-10001322,Office Supplies,Appliances,"Hamilton Beach Stove, Silver","3,421",7,0.1,874.167,110.5,High,2012
IN-2014-35157,21-11-2014,23-11-2014,Second Class,Natalie Fritzler,Consumer,Shanxi,China,APAC,North Asia,OFF-FA-10004527,Office Supplies,Fasteners,"Advantus Thumb Tacks, Bulk Pack",27,2,0.0,4.86,1.47,Medium,2014
ES-2013-2911640,19-11-2013,21-11-2013,First Class,John Grady,Corporate,England,United Kingdom,EU,North,OFF-ST-10003956,Office Supplies,Storage,"Rogers Trays, Single Width",494,8,0.0,34.32,16.51,High,2013
ES-2013-2364306,22-11-2013,26-11-2013,Standard Class,Mitch Willingham,Corporate,Ile-de-France,France,EU,Central,OFF-AR-10002485,Office Supplies,Art,"Boston Markers, Easy-Erase",107,4,0.0,9.48,7.32,Medium,2013
ES-2011-2379967,22-11-2011,24-11-2011,Second Class,Zuschuss Donatelli,Consumer,Bremen,Germany,EU,Central,TEC-MA-10000687,Technology,Machines,"Konica Calculator, Red",98,2,0.0,38.04,11.72,High,2011
CA-2012-1970,29-11-2012,1/12/2012,Second Class,Matt Hagelstein,Corporate,Saskatchewan,Canada,Canada,Canada,FUR-ADV-10000188,Furniture,Furnishings,"Advantus Stacking Tray, Erganomic",50,2,0.0,15.48,8.33,High,2012
CA-2014-106103,11/6/2014,16-06-2014,Standard Class,Sean Christensen,Consumer,Michigan,United States,US,Central,TEC-AC-10003832,Technology,Accessories,Imation 16GB Mini TravelDrive USB 2.0 Flash Drive,133,4,0.0,54.3332,15.89,High,2014
ID-2011-30922,28-11-2011,3/12/2011,Standard Class,Alex Grayson,Consumer,Calabarzon,Philippines,APAC,Southeast Asia,OFF-SU-10004177,Office Supplies,Supplies,"Fiskars Box Cutter, Easy Grip",20,1,0.45,-8.553,1.34,Medium,2011
CA-2014-107125,28-11-2014,3/12/2014,Standard Class,Bill Donatelli,Consumer,California,United States,US,West,OFF-BI-10001989,Office Supplies,Binders,Premium Transparent Presentation Covers by GBC,117,7,0.2,41.1208,12.87,High,2014
IN-2014-34639,13-11-2014,20-11-2014,Standard Class,Khloe Miller,Consumer,Sabah,Malaysia,APAC,Southeast Asia,TEC-PH-10004300,Technology,Phones,"Apple Office Telephone, Cordless",341,5,0.0,160.05,0.3,Medium,2014
IN-2013-40687,26-11-2013,3/12/2013,Standard Class,Paul Lucas,Home Office,Shandong,China,APAC,North Asia,TEC-PH-10004402,Technology,Phones,"Cisco Headset, with Caller ID",442,5,0.0,185.7,34.29,Medium,2013
MX-2014-108889,11/3/2014,16-03-2014,Standard Class,Vicky Freymann,Home Office,Sinaloa,Mexico,LATAM,North,OFF-PA-10002927,Office Supplies,Paper,"Enermax Computer Printout Paper, 8.5 x 11",109,5,0.0,23.9,12.35,Medium,2014
IN-2013-49367,11/9/2013,17-09-2013,Standard Class,Liz MacKendrick,Consumer,Hokkaido,Japan,APAC,North Asia,OFF-EN-10000383,Office Supplies,Envelopes,"Ames Clasp Envelope, Recycled",36,6,0.0,7.56,2.35,Medium,2013
CA-2011-119172,11/5/2011,15-05-2011,Standard Class,Harold Dahlen,Home Office,Illinois,United States,US,Central,OFF-BI-10002026,Office Supplies,Binders,Avery Arch Ring Binders,105,9,0.8,-172.557,12.61,High,2011
RS-2013-3080,14-11-2013,18-11-2013,Standard Class,Muhammed MacIntyre,Corporate,Dagestan,Russia,EMEA,EMEA,FUR-ADV-10002601,Furniture,Furnishings,"Advantus Photo Frame, Erganomic",52,1,0.0,24.75,2.42,Medium,2013
ES-2013-1534120,22-11-2013,29-11-2013,Standard Class,Claudia Bergmann,Corporate,Schleswig-Holstein,Germany,EU,Central,TEC-MA-10003927,Technology,Machines,"StarTech Inkjet, Wireless","1,509",5,0.0,45.15,71.73,Low,2013
ES-2014-2505511,18-11-2014,20-11-2014,Second Class,Mary Zewe,Corporate,Skåne,Sweden,EU,North,TEC-CO-10002284,Technology,Copiers,"Hewlett Copy Machine, Color",663,5,0.5,-212.175,134.8,High,2014
CA-2011-101833,17-11-2011,22-11-2011,Second Class,Frank Gastineau,Home Office,New York,United States,US,East,OFF-PA-10003591,Office Supplies,Paper,Southworth 100% Cotton The Best Paper,34,3,0.0,17.22,3.12,High,2011
ES-2014-3785216,19-11-2014,23-11-2014,Standard Class,Harry Greene,Consumer,Nord-Pas-de-Calais,France,EU,Central,FUR-CH-10002891,Furniture,Chairs,"Hon Executive Leather Armchair, Adjustable","5,729",14,0.1,63.546,572.95,High,2014
MX-2012-153157,11/10/2012,14-10-2012,First Class,Fred Hopkins,Corporate,Puebla,Mexico,LATAM,North,FUR-CH-10001795,Furniture,Chairs,"SAFCO Steel Folding Chair, Red",320,7,0.2,55.944,39.13,Medium,2012
ES-2013-4034655,30-11-2013,7/12/2013,Standard Class,Chuck Magee,Consumer,Ile-de-France,France,EU,Central,OFF-AR-10000785,Office Supplies,Art,"BIC Sketch Pad, Water Color",311,6,0.0,46.62,10.34,Medium,2013
IN-2011-62037,11/11/2011,14-11-2011,First Class,Theone Pippenger,Consumer,Ho Chí Minh City,Vietnam,APAC,Southeast Asia,FUR-CH-10003861,Furniture,Chairs,"Novimex Rocking Chair, Set of Two",781,8,0.27,181.6512,184.98,Critical,2011
MX-2014-113586,18-11-2014,18-11-2014,Same Day,Heather Kirkland,Corporate,Alagoas,Brazil,LATAM,South,FUR-TA-10003171,Furniture,Tables,"Bevis Training Table, Fully Assembled",359,2,0.2,49.32,44.62,High,2014
US-2014-128118,25-11-2014,2/12/2014,Standard Class,Maribeth Yedwab,Corporate,Tennessee,United States,US,South,OFF-EN-10003448,Office Supplies,Envelopes,"Peel & Seel Recycled Catalog Envelopes, Brown",65,7,0.2,24.318,6.41,Low,2014
MX-2012-143343,26-11-2012,28-11-2012,Second Class,Dan Campbell,Consumer,Quezaltenango,Guatemala,LATAM,Central,FUR-FU-10002800,Furniture,Furnishings,"Tenex Photo Frame, Erganomic",101,3,0.0,28.2,6.82,Medium,2012
MO-2014-6060,28-11-2014,2/12/2014,Standard Class,Phillina Ober,Home Office,Marrakech-Tensift-El Haouz,Morocco,Africa,Africa,OFF-ROG-10004949,Office Supplies,Storage,"Rogers Shelving, Industrial",376,6,0.0,112.68,21.44,Medium,2014
CA-2013-119963,19-11-2013,23-11-2013,Standard Class,Steve Nguyen,Home Office,Texas,United States,US,Central,OFF-LA-10003510,Office Supplies,Labels,"Avery 4027 File Folder Labels for Dot Matrix Printers, 5000 Labels per Box, White",49,2,0.2,15.8756,7.69,High,2013
IN-2012-69870,11/10/2012,14-10-2012,First Class,Clay Cheatham,Consumer,Shaanxi,China,APAC,North Asia,FUR-CH-10004196,Furniture,Chairs,"Novimex Swivel Stool, Red",658,4,0.0,164.4,72.67,High,2012
IN-2012-46259,11/5/2012,15-05-2012,Standard Class,Rob Williams,Corporate,Delhi,India,APAC,Central Asia,OFF-PA-10000344,Office Supplies,Paper,"SanDisk Memo Slips, 8.5 x 11",106,5,0.0,52.8,3.37,Medium,2012
CA-2013-110772,21-11-2013,25-11-2013,Second Class,Nick Zandusky,Home Office,Ohio,United States,US,East,FUR-BO-10004709,Furniture,Bookcases,"Bush Westfield Collection Bookcases, Medium Cherry Finish",87,3,0.5,-48.7032,8.64,Medium,2013
BU-2012-1110,15-11-2012,15-11-2012,Same Day,Eileen Kiefer,Home Office,Sofiya-Grad,Bulgaria,EMEA,EMEA,FUR-NOV-10004962,Furniture,Chairs,"Novimex Bag Chairs, Adjustable",48,1,0.0,12.09,3.9,High,2012
ES-2014-4472745,11/2/2014,15-02-2014,Standard Class,Bart Watters,Corporate,Asturias,Spain,EU,South,OFF-AP-10004511,Office Supplies,Appliances,"Cuisinart Refrigerator, Black","2,478",5,0.0,1040.55,273.88,High,2014
CA-2013-106915,27-11-2013,3/12/2013,Standard Class,George Ashbrook,Consumer,Texas,United States,US,Central,OFF-AR-10000716,Office Supplies,Art,DIXON Ticonderoga Erasable Checking Pencils,18,4,0.2,4.2408,1.19,Medium,2013
IR-2012-5410,17-11-2012,22-11-2012,Standard Class,Philip Fox,Consumer,Razavi Khorasan,Iran,EMEA,EMEA,OFF-HAR-10000501,Office Supplies,Labels,"Harbour Creations File Folder Labels, Laser Printer Compatible",70,8,0.0,21.6,3.42,Medium,2012
IT-2014-5285883,15-11-2014,20-11-2014,Standard Class,Juliana Krohn,Consumer,Limburg,Netherlands,EU,Central,OFF-BI-10003068,Office Supplies,Binders,"Ibico Binding Machine, Durable",79,3,0.5,-6.39,3.97,Medium,2014
US-2013-164119,15-11-2013,21-11-2013,Standard Class,Tamara Chand,Corporate,Francisco Morazán,Honduras,LATAM,Central,OFF-AR-10001244,Office Supplies,Art,"BIC Canvas, Easy-Erase",86,4,0.4,-47.568,4.09,Medium,2013
CA-2012-135853,11/12/2012,14-12-2012,First Class,Cynthia Arntzen,Consumer,Michigan,United States,US,Central,OFF-BI-10004965,Office Supplies,Binders,Ibico Covers for Plastic or Wire Binding Elements,23,2,0.0,10.35,6.31,Critical,2012
IT-2014-5393609,28-11-2014,3/12/2014,Standard Class,Caroline Jumper,Consumer,North Brabant,Netherlands,EU,Central,OFF-ST-10004020,Office Supplies,Storage,"Tenex Lockers, Single Width",102,1,0.5,-89.85,14.56,High,2014
IN-2014-47337,11/12/2014,15-12-2014,Standard Class,Victoria Brennan,Corporate,Kabul,Afghanistan,APAC,Central Asia,TEC-PH-10002806,Technology,Phones,"Apple Audio Dock, VoIP",501,3,0.0,115.2,79.59,High,2014
ID-2013-17097,17-12-2013,22-12-2013,Second Class,Emily Phan,Consumer,National Capital,Philippines,APAC,Southeast Asia,OFF-LA-10002939,Office Supplies,Labels,"Harbour Creations Legal Exhibit Labels, 5000 Label Set",12,2,0.45,-5.226,0.84,Medium,2013
MX-2012-118185,13-12-2012,19-12-2012,Standard Class,Ryan Crowe,Consumer,São Paulo,Brazil,LATAM,South,FUR-CH-10003107,Furniture,Chairs,"Office Star Swivel Stool, Red",464,4,0.0,129.84,77.61,Low,2012
MX-2012-134110,14-12-2012,16-12-2012,Second Class,Anna Andreadi,Consumer,Ceará,Brazil,LATAM,South,OFF-AR-10002380,Office Supplies,Art,"Boston Highlighters, Blue",75,6,0.0,10.56,5.77,High,2012
CA-2011-139451,12/10/2011,16-10-2011,Standard Class,Duane Noonan,Consumer,California,United States,US,West,OFF-AR-10002053,Office Supplies,Art,"Premium Writing Pencils, Soft, #2 by Central Association for the Blind",15,5,0.0,4.172,0.45,Medium,2011
CA-2013-136686,13-12-2013,17-12-2013,Standard Class,Roy Französisch,Consumer,California,United States,US,West,OFF-AP-10002350,Office Supplies,Appliances,Belkin F9H710-06 7 Outlet SurgeMaster Surge Protector,57,3,0.0,15.8256,6.77,High,2013
ID-2014-71403,16-12-2014,20-12-2014,Standard Class,Luke Schmidt,Corporate,Jawa Barat,Indonesia,APAC,Southeast Asia,OFF-AR-10002665,Office Supplies,Art,"Binney & Smith Markers, Easy-Erase",36,2,0.27,-10.2744,0.64,Medium,2014
IN-2014-79173,14-12-2014,19-12-2014,Second Class,Eric Murdock,Consumer,Queensland,Australia,APAC,Oceania,OFF-AR-10002897,Office Supplies,Art,"BIC Markers, Water Color",107,4,0.1,30.756,5.95,Medium,2014
ID-2012-41380,29-12-2012,3/1/2013,Standard Class,Sylvia Foulston,Corporate,Sulawesi Utara,Indonesia,APAC,Southeast Asia,OFF-PA-10004648,Office Supplies,Paper,"Xerox Message Books, Recycled",21,2,0.47,-16.2432,0.98,Medium,2012
MX-2012-128755,26-12-2012,30-12-2012,Standard Class,Karen Ferguson,Home Office,Camagüey,Cuba,LATAM,Caribbean,OFF-AR-10003829,Office Supplies,Art,"Boston Highlighters, Water Color",15,1,0.0,3.96,0.96,Medium,2012
US-2013-130379,12/8/2013,16-08-2013,Second Class,Kean Nguyen,Corporate,Panama,Panama,LATAM,Central,OFF-AR-10003816,Office Supplies,Art,"Binney & Smith Highlighters, Easy-Erase",20,3,0.4,-4.428,2.55,Medium,2013
MX-2013-107650,27-12-2013,1/1/2014,Standard Class,Robert Waldorf,Consumer,San Salvador,El Salvador,LATAM,Central,OFF-FA-10001337,Office Supplies,Fasteners,"Stockwell Staples, Assorted Sizes",37,7,0.0,16.8,1.55,Medium,2013
ES-2013-1394541,24-12-2013,29-12-2013,Standard Class,Tony Molinari,Consumer,Rhône-Alpes,France,EU,Central,TEC-PH-10001070,Technology,Phones,"Samsung Headset, VoIP",62,1,0.15,19.7865,5.54,Medium,2013
ES-2013-2212734,12/9/2013,14-09-2013,First Class,Anthony Jacobs,Corporate,Bremen,Germany,EU,Central,OFF-BI-10001754,Office Supplies,Binders,"Ibico Binder Covers, Recycled",70,5,0.0,25.8,10.1,Medium,2013
CA-2011-166730,30-12-2011,1/1/2012,First Class,Dorothy Dickinson,Consumer,Tennessee,United States,US,South,OFF-ST-10002554,Office Supplies,Storage,Tennsco Industrial Shelving,39,1,0.2,-8.8038,3.77,Medium,2011
CA-2014-156664,19-12-2014,24-12-2014,Standard Class,Beth Paige,Consumer,Ohio,United States,US,East,OFF-FA-10002988,Office Supplies,Fasteners,Ideal Clamps,5,3,0.2,1.7487,0.53,Medium,2014
EG-2013-4270,12/12/2013,18-12-2013,Standard Class,Rick Duston,Consumer,Al Iskandariyah,Egypt,Africa,Africa,OFF-FEL-10004974,Office Supplies,Storage,"Fellowes Folders, Industrial",54,2,0.0,12.36,4.87,Low,2013
IN-2013-11518,31-12-2013,4/1/2014,Standard Class,Ralph Ritter,Consumer,Kerala,India,APAC,Central Asia,OFF-PA-10003969,Office Supplies,Paper,"Green Bar Note Cards, 8.5 x 11",59,2,0.0,26.1,5.17,Medium,2013
CG-2012-8310,12/6/2012,14-06-2012,First Class,Barry Weirich,Consumer,Katanga,Democratic Republic of the Congo,Africa,Africa,TEC-ENE-10000817,Technology,Accessories,"Enermax Mouse, USB",567,14,0.0,68.04,91.13,Medium,2012
CA-2011-141607,12/12/2011,17-12-2011,Standard Class,William Brown,Consumer,California,United States,US,West,FUR-FU-10003975,Furniture,Furnishings,Eldon Advantage Chair Mats for Low to Medium Pile Carpets,43,1,0.0,4.331,3.88,Medium,2011
ES-2014-2688044,29-12-2014,29-12-2014,Same Day,Annie Thurman,Consumer,Ile-de-France,France,EU,Central,OFF-AR-10001461,Office Supplies,Art,"BIC Canvas, Water Color",114,2,0.0,1.08,27.69,Medium,2014
MX-2011-139731,20-12-2011,22-12-2011,First Class,Henry Goldwyn,Corporate,Santiago,Dominican Republic,LATAM,Caribbean,FUR-FU-10002818,Furniture,Furnishings,"Advantus Stacking Tray, Black",26,3,0.5,-0.03,4.64,High,2011
CA-2012-126347,14-12-2012,19-12-2012,Second Class,Ashley Jarboe,Consumer,California,United States,US,West,TEC-AC-10003063,Technology,Accessories,Micro Innovations USB RF Wireless Keyboard with Mouse,50,2,0.0,10.5,4.79,Medium,2012
IN-2014-75603,31-12-2014,5/1/2015,Second Class,Bill Shonely,Corporate,Andhra Pradesh,India,APAC,Central Asia,OFF-SU-10001618,Office Supplies,Supplies,"Kleencut Letter Opener, Easy Grip",258,9,0.0,92.88,46.11,Medium,2014
TU-2014-220,12/8/2014,14-08-2014,Second Class,Robert Marley,Home Office,Gaziantep,Turkey,EMEA,EMEA,OFF-OIC-10001056,Office Supplies,Fasteners,"OIC Clamps, 12 Pack",15,2,0.6,-3.84,2.06,Medium,2014
CG-2013-8200,12/3/2013,17-03-2013,Second Class,Vicky Freymann,Home Office,Kasai-Occidental,Democratic Republic of the Congo,Africa,Africa,TEC-ENE-10000895,Technology,Accessories,"Enermax Mouse, Bluetooth",40,1,0.0,4.83,5.03,Medium,2013
IN-2013-56416,23-12-2013,28-12-2013,Standard Class,Kean Nguyen,Corporate,Heilongjiang,China,APAC,North Asia,OFF-EN-10002007,Office Supplies,Envelopes,"Kraft Clasp Envelope, with clear poly window",25,2,0.0,3.96,2.25,Medium,2013
EG-2011-3420,30-12-2011,4/1/2012,Standard Class,Brosina Hoffman,Consumer,Al Qahirah,Egypt,Africa,Africa,OFF-HOO-10002386,Office Supplies,Appliances,"Hoover Toaster, Silver",84,1,0.0,30.36,6.47,Medium,2011
IN-2011-48009,17-12-2011,21-12-2011,Standard Class,Brian Derr,Consumer,Rajasthan,India,APAC,Central Asia,TEC-MA-10001627,Technology,Machines,"Konica Printer, White",533,2,0.0,207.66,43.64,Medium,2011
CA-2011-168368,12/2/2011,16-02-2011,Second Class,Guy Armstrong,Consumer,Missouri,United States,US,Central,OFF-ST-10002583,Office Supplies,Storage,Fellowes Neat Ideas Storage Cubes,65,2,0.0,2.5984,6.78,Medium,2011
NI-2014-3370,30-12-2014,4/1/2015,Standard Class,Natalie Fritzler,Consumer,Oyo,Nigeria,Africa,Africa,OFF-SME-10001853,Office Supplies,Storage,"Smead Folders, Blue",5,1,0.7,-10.173,0.27,Medium,2014
US-2013-119928,24-12-2013,27-12-2013,Second Class,Cynthia Arntzen,Consumer,Jalisco,Mexico,LATAM,North,FUR-FU-10003901,Furniture,Furnishings,"Advantus Stacking Tray, Erganomic",40,4,0.4,-13.376,1.82,Medium,2013
CA-2012-128083,12/3/2012,17-03-2012,Standard Class,Edward Becker,Corporate,Florida,United States,US,South,OFF-EN-10004030,Office Supplies,Envelopes,Convenience Packs of Business Envelopes,9,3,0.2,2.9322,0.48,Medium,2012
TU-2014-4510,12/8/2014,16-08-2014,Second Class,Harry Greene,Consumer,Konya,Turkey,EMEA,EMEA,OFF-STA-10001636,Office Supplies,Art,"Stanley Markers, Water Color",10,1,0.6,-6.858,1.3,High,2014
ES-2014-5605089,15-12-2014,19-12-2014,Standard Class,Anthony Witt,Consumer,Hamburg,Germany,EU,Central,OFF-AR-10002255,Office Supplies,Art,"Boston Sketch Pad, Water Color",155,3,0.0,4.59,13.74,High,2014
IT-2013-1215824,12/8/2013,16-08-2013,Standard Class,Rose O'Brian,Consumer,Brandenburg,Germany,EU,Central,OFF-AR-10002116,Office Supplies,Art,"BIC Pens, Fluorescent",109,7,0.0,35.7,3.38,Medium,2013
MX-2014-152891,12/8/2014,16-08-2014,Standard Class,Erica Smith,Consumer,San Salvador,El Salvador,LATAM,Central,FUR-TA-10001602,Furniture,Tables,"Barricks Round Table, Adjustable Height",537,2,0.2,-26.88,77.26,High,2014
IN-2014-75603,31-12-2014,5/1/2015,Second Class,Bill Shonely,Corporate,Andhra Pradesh,India,APAC,Central Asia,OFF-ST-10001824,Office Supplies,Storage,"Rogers Box, Single Width",72,3,0.0,4.32,3.88,Medium,2014
CA-2014-119578,23-12-2014,28-12-2014,Second Class,Jason Gross,Corporate,Rhode Island,United States,US,East,FUR-BO-10003660,Furniture,Bookcases,"Bush Cubix Collection Bookcases, Fully Assembled",221,1,0.0,50.8254,12.61,Medium,2014
CA-2012-139962,13-12-2012,20-12-2012,Standard Class,Dean percer,Home Office,Massachusetts,United States,US,East,OFF-BI-10004738,Office Supplies,Binders,Flexible Leather- Look Classic Collection Ring Binder,38,2,0.0,18.94,4.03,Medium,2012
IN-2014-69457,12/12/2014,17-12-2014,Standard Class,Deanra Eno,Home Office,Zhejiang,China,APAC,North Asia,OFF-PA-10004741,Office Supplies,Paper,"SanDisk Cards & Envelopes, 8.5 x 11",53,1,0.0,2.61,2.49,Medium,2014
CG-2012-8310,12/6/2012,14-06-2012,First Class,Barry Weirich,Consumer,Katanga,Democratic Republic of the Congo,Africa,Africa,OFF-SAN-10001634,Office Supplies,Art,"Sanford Canvas, Easy-Erase",609,12,0.0,79.2,9.18,Medium,2012
ES-2014-2388184,12/8/2014,14-08-2014,Second Class,Joni Wasserman,Consumer,Rhône-Alpes,France,EU,Central,OFF-AR-10000184,Office Supplies,Art,"Boston Pencil Sharpener, Water Color",64,2,0.0,32.1,5.31,High,2014
ES-2013-1225665,13-12-2013,18-12-2013,Standard Class,Erica Smith,Consumer,North Rhine-Westphalia,Germany,EU,Central,OFF-AR-10000316,Office Supplies,Art,"Stanley Pens, Blue",30,3,0.0,14.76,3.02,Medium,2013
IV-2013-4490,12/9/2013,17-09-2013,Standard Class,Jenna Caffey,Consumer,Lagunes,Cote d'Ivoire,Africa,Africa,TEC-MEM-10000582,Technology,Accessories,"Memorex Flash Drive, Bluetooth",29,1,0.0,6.15,1.75,Medium,2013
IN-2014-82176,23-12-2014,28-12-2014,Standard Class,Amy Cox,Consumer,Queensland,Australia,APAC,Oceania,FUR-TA-10001558,Furniture,Tables,"Barricks Training Table, Rectangular",379,2,0.4,63.144,25.78,Medium,2014
US-2014-128587,12/6/2014,14-06-2014,Second Class,Alex Grayson,Consumer,Zulia,Venezuela,LATAM,South,FUR-BO-10001201,Furniture,Bookcases,"Bush Stackable Bookrack, Mobile",99,2,0.4,4.928,17.97,Critical,2014
US-2011-108651,14-12-2011,18-12-2011,Standard Class,Sonia Sunley,Consumer,Panama,Panama,LATAM,Central,OFF-AP-10003774,Office Supplies,Appliances,"Hoover Coffee Grinder, Black",55,2,0.4,-8.224,2.08,Medium,2011
KZ-2012-4400,27-12-2012,1/1/2013,Standard Class,Barry Franz,Home Office,Almaty City,Kazakhstan,EMEA,EMEA,OFF-ELD-10001832,Office Supplies,Storage,"Eldon Shelving, Single Width",29,2,0.7,-67.83,2.99,High,2012
TU-2011-6820,15-12-2011,20-12-2011,Second Class,Rob Lucas,Consumer,Mersin,Turkey,EMEA,EMEA,FUR-HON-10001847,Furniture,Chairs,"Hon Executive Leather Armchair, Adjustable",182,1,0.6,-222.816,12.71,Medium,2011
MX-2012-115504,25-12-2012,29-12-2012,Standard Class,Lisa Hazard,Consumer,Jalisco,Mexico,LATAM,North,OFF-EN-10001538,Office Supplies,Envelopes,"Jiffy Peel and Seal, Recycled",113,9,0.0,21.42,6.22,Medium,2012
ES-2011-1831867,27-12-2011,29-12-2011,First Class,Giulietta Baptist,Consumer,Hamburg,Germany,EU,Central,OFF-SU-10000171,Office Supplies,Supplies,"Elite Trimmer, Easy Grip",87,2,0.0,40.68,20.33,Critical,2011
ES-2011-2417338,30-12-2011,3/1/2012,Standard Class,Sheri Gordon,Consumer,Madrid,Spain,EU,South,TEC-MA-10002660,Technology,Machines,"Epson Phone, White",143,2,0.1,44.424,6.94,High,2011
MX-2011-143168,19-12-2011,24-12-2011,Second Class,Marc Harrigan,Home Office,Huehuetenango,Guatemala,LATAM,Central,TEC-CO-10001933,Technology,Copiers,"HP Fax Machine, High-Speed",397,2,0.002,70.72496,19.9,Medium,2011
ES-2013-2212734,12/9/2013,14-09-2013,First Class,Anthony Jacobs,Corporate,Bremen,Germany,EU,Central,OFF-BI-10002935,Office Supplies,Binders,"Wilson Jones Binder, Clear",75,6,0.0,5.94,0.2,Medium,2013
IN-2012-60385,16-12-2012,21-12-2012,Standard Class,Ross Baird,Home Office,Henan,China,APAC,North Asia,TEC-MA-10002871,Technology,Machines,"Panasonic Receipt Printer, Red",236,2,0.0,73.14,16.59,Medium,2012
MX-2013-145303,12/4/2013,14-04-2013,First Class,Denise Leinenbach,Consumer,Villa Clara,Cuba,LATAM,Caribbean,TEC-MA-10004956,Technology,Machines,"Konica Card Printer, Red",460,4,0.0,220.56,113.1,High,2013
ES-2011-3091823,15-12-2011,19-12-2011,Standard Class,Pauline Johnson,Consumer,England,United Kingdom,EU,North,FUR-BO-10002892,Furniture,Bookcases,"Safco Classic Bookcase, Mobile","1,983",5,0.1,616.815,211.36,High,2011
ES-2011-2470488,23-12-2011,25-12-2011,Second Class,Roger Demir,Consumer,Ile-de-France,France,EU,Central,OFF-PA-10002971,Office Supplies,Paper,"Eaton Memo Slips, Recycled",96,7,0.0,19.95,16.94,High,2011
MX-2013-149937,12/6/2013,14-06-2013,First Class,Max Engle,Consumer,Sonora,Mexico,LATAM,North,OFF-EN-10004410,Office Supplies,Envelopes,"GlobeWeis Mailers, Security-Tint",109,4,0.0,43.68,14.15,Medium,2013
CA-2013-101168,26-12-2013,2/1/2014,Standard Class,Saphhira Shifley,Corporate,New Hampshire,United States,US,East,FUR-FU-10003142,Furniture,Furnishings,"Master Big Foot Doorstop, Beige",21,4,0.0,6.5472,1.55,Medium,2013
SF-2014-9190,17-12-2014,21-12-2014,Standard Class,Fred Harton,Consumer,Gauteng,South Africa,Africa,Africa,OFF-BIN-10000901,Office Supplies,Art,"Binney & Smith Pens, Water Color",30,2,0.0,10.86,1.68,Medium,2014
IN-2014-48814,23-12-2014,30-12-2014,Standard Class,Maria Etezadi,Home Office,New South Wales,Australia,APAC,Oceania,FUR-FU-10003918,Furniture,Furnishings,"Advantus Photo Frame, Black",381,8,0.1,139.776,58.71,Low,2014
IN-2014-78116,12/6/2014,18-06-2014,Standard Class,Daniel Lacy,Consumer,Rajasthan,India,APAC,Central Asia,OFF-BI-10004700,Office Supplies,Binders,"Cardinal Binder, Durable",46,3,0.0,13.32,2.56,Medium,2014
ID-2011-26596,12/12/2011,18-12-2011,Standard Class,Sanjit Jacobs,Home Office,F.C.T.,Pakistan,APAC,Central Asia,OFF-LA-10003236,Office Supplies,Labels,"Hon Round Labels, Adjustable",5,2,0.5,-1.5,0.35,Medium,2011
CA-2014-154116,16-12-2014,20-12-2014,Standard Class,Khloe Miller,Consumer,California,United States,US,West,OFF-PA-10004569,Office Supplies,Paper,"Wirebound Message Books, Two 4 1/4"" x 5"" Forms per Page",23,3,0.0,10.7301,1.83,High,2014
ES-2011-1460199,12/1/2011,19-01-2011,Standard Class,Roy Phan,Corporate,Lower Saxony,Germany,EU,Central,OFF-BI-10000081,Office Supplies,Binders,"Ibico Index Tab, Clear",17,2,0.0,6.18,2.08,Medium,2011
SG-2014-3780,12/6/2014,16-06-2014,Standard Class,Trudy Schmidt,Consumer,Dakar,Senegal,Africa,Africa,TEC-MOT-10001196,Technology,Phones,"Motorola Audio Dock, Cordless",176,1,0.0,45.81,14.32,Medium,2014
ES-2011-4715440,29-12-2011,29-12-2011,Same Day,Neil Knudson,Home Office,Hesse,Germany,EU,Central,OFF-AR-10003113,Office Supplies,Art,"Binney & Smith Pens, Blue",24,2,0.0,10.02,0.31,Medium,2011
CA-2014-103443,18-12-2014,24-12-2014,Standard Class,Annie Thurman,Consumer,New York,United States,US,East,OFF-ST-10002276,Office Supplies,Storage,Safco Steel Mobile File Cart,167,2,0.0,41.68,12.41,Medium,2014
IN-2014-23929,12/12/2014,14-12-2014,First Class,Dave Kipp,Consumer,Heilongjiang,China,APAC,North Asia,FUR-FU-10002648,Furniture,Furnishings,"Rubbermaid Stacking Tray, Erganomic",48,2,0.0,23.28,9.27,High,2014
IN-2014-81532,12/6/2014,16-06-2014,Standard Class,Craig Yedwab,Corporate,New South Wales,Australia,APAC,Oceania,OFF-AR-10001074,Office Supplies,Art,"Sanford Highlighters, Blue",63,4,0.0,18.84,2.82,Medium,2014
IT-2013-5913315,24-12-2013,28-12-2013,Second Class,Carol Darley,Consumer,North Rhine-Westphalia,Germany,EU,Central,FUR-CH-10003362,Furniture,Chairs,"Office Star Swivel Stool, Adjustable",159,1,0.1,-0.003,3.04,Medium,2013
US-2014-147368,29-12-2014,4/1/2015,Standard Class,Anna Chung,Consumer,Ouest,Haiti,LATAM,Caribbean,OFF-ST-10002902,Office Supplies,Storage,"Fellowes Lockers, Wire Frame",248,3,0.4,16.5,1.33,Medium,2014
US-2012-134558,19-12-2012,24-12-2012,Second Class,Peter McVee,Home Office,New Hampshire,United States,US,East,OFF-PA-10001184,Office Supplies,Paper,Xerox 1903,30,5,0.0,14.651,2.95,High,2012
AJ-2014-6800,27-12-2014,1/1/2015,Standard Class,Dan Reichenbach,Corporate,Baki,Azerbaijan,EMEA,EMEA,FUR-DEF-10000720,Furniture,Furnishings,"Deflect-O Door Stop, Duo Pack",44,1,0.0,15.84,3.66,Medium,2014
MX-2012-131128,19-12-2012,23-12-2012,Standard Class,Bradley Nguyen,Consumer,Managua,Nicaragua,LATAM,Central,OFF-FA-10004920,Office Supplies,Fasteners,"Accos Rubber Bands, Metal",22,2,0.0,6.48,3.08,High,2012
IN-2012-29137,12/1/2012,17-01-2012,Standard Class,Bart Watters,Corporate,Western Australia,Australia,APAC,Oceania,OFF-AR-10003875,Office Supplies,Art,"Stanley Highlighters, Easy-Erase",27,2,0.1,-0.654,1.59,Medium,2012
IN-2011-24832,12/3/2011,17-03-2011,Standard Class,Carlos Daly,Consumer,Shanghai,China,APAC,North Asia,OFF-PA-10004573,Office Supplies,Paper,"Enermax Memo Slips, Premium",94,6,0.0,30.96,9.26,Medium,2011
MX-2013-108553,21-12-2013,23-12-2013,First Class,Lisa Hazard,Consumer,Managua,Nicaragua,LATAM,Central,TEC-AC-10001756,Technology,Accessories,"Memorex Numeric Keypad, USB",86,3,0.0,36.96,11.77,Medium,2013
IN-2013-76835,12/8/2013,16-08-2013,Standard Class,Ralph Arnett,Consumer,Karnataka,India,APAC,Central Asia,OFF-PA-10000215,Office Supplies,Paper,"Eaton Parchment Paper, Premium",27,2,0.0,1.86,2.95,High,2013
MD-2013-5670,12/3/2013,14-03-2013,Second Class,Ross Baird,Home Office,Chisinau,Moldova,EMEA,EMEA,FUR-BUS-10004854,Furniture,Bookcases,"Bush Floating Shelf Set, Pine",173,1,0.0,53.49,19.28,High,2013
IT-2012-4790620,22-12-2012,24-12-2012,Second Class,Maureen Gastineau,Home Office,Pays de la Loire,France,EU,Central,TEC-CO-10000013,Technology,Copiers,"Brother Fax Machine, Laser",780,7,0.65,-535.227,113.83,High,2012
CA-2013-127775,12/6/2013,14-06-2013,Second Class,Erica Smith,Consumer,New York,United States,US,East,TEC-AC-10002402,Technology,Accessories,Razer Kraken PRO Over Ear PC and Music Headset,240,3,0.0,71.991,79.71,Critical,2013
